car_id,listed_date,city,brand,model,year,mileage_km,fuel_type,transmission,engine_l,owners_count,accident_history,condition,color,seller_type,service_records,warranty_months,price_sar
CR-70000,2026-04-25,Khobar,Kia,Sportage,2020,106779.0,Petrol,Automatic,2.0,2,0,Good,Silver,Dealer,1,0,62900
CR-70001,2026-06-27,Jeddah,BMW,5 Series,2025,21421.0,Petrol,Automatic,3.0,3,0,Excellent,Black,Dealer,1,12,255200
CR-70002,2026-04-10,Tabuk,Kia,Sportage,2013,240796.0,Hybrid,Automatic,2.0,1,0,Good,Silver,Dealer,1,0,25700
CR-70003,2026-04-26,Jeddah,Chevrolet,Malibu,2020,119963.0,Petrol,Automatic,1.5,3,0,Excellent,Black,Auction,1,24,38300
CR-70004,2026-07-26,Khobar,Kia,Cerato,2013,242732.0,Petrol,Automatic,2.0,2,1,Good,White,Auction,0,24,18000
CR-70005,2026-04-13,Tabuk,Toyota,Corolla,2024,45585.0,Petrol,Automatic,1.6,3,1,Fair,Gray,Private,1,0,42700
CR-70006,2026-04-15,Dammam,Nissan,Altima,2017,165330.0,Petrol,Automatic,2.0,2,0,Fair,Silver,Dealer,1,12,27900
CR-70007,2026-04-04,Khobar,Honda,Civic,2020,98004.0,Petrol,Automatic,2.0,3,0,Excellent,Silver,Private,1,0,45000
CR-70008,2026-07-09,Khobar,GMC,Yukon,2023,76793.0,Petrol,Automatic,6.2,1,1,Excellent,Blue,Dealer,1,0,212400
CR-70009,2026-04-04,Abha,Kia,Sportage,2014,218701.0,Diesel,Automatic,1.6,2,0,Good,White,Private,1,0,22800
CR-70010,2026-05-25,Riyadh,BMW,5 Series,2012,264756.0,Petrol,Automatic,2.0,2,1,Good,Blue,Dealer,0,12,41600
CR-70011,2026-06-30,Jeddah,Chevrolet,Tahoe,2015,219394.0,Petrol,Automatic,5.3,2,0,Good,White,Dealer,0,0,76200
CR-70012,2026-04-29,Riyadh,Toyota,Corolla,2013,238238.0,Petrol,Automatic,1.8,1,0,Excellent,Blue,Dealer,1,0,20900
CR-70013,2026-04-30,Dammam,Nissan,Patrol,2024,,Petrol,Automatic,4.0,1,0,Fair,Black,Dealer,0,6,249500
CR-70014,2026-05-08,Jeddah,GMC,Yukon,2015,181542.0,Petrol,Automatic,6.2,1,0,Excellent,White,Dealer,1,0,108100
CR-70015,2026-05-05,Dammam,Hyundai,Sonata,2024,14436.0,Petrol,Automatic,2.0,2,1,Excellent,Black,Dealer,0,0,66500
CR-70016,2026-04-20,Abha,Nissan,Patrol,2020,113937.0,Petrol,Automatic,4.0,1,0,Good,White,Private,1,12,158900
CR-70017,2026-07-07,Riyadh,Toyota,Hilux,2014,233687.0,Petrol,Automatic,,2,0,Good,Gray,Private,1,0,33200
CR-70018,2026-05-13,Madinah,Hyundai,Elantra,2021,111734.0,Petrol,Automatic,1.6,3,0,Excellent,White,Auction,1,0,33700
CR-70019,2026-06-11,Makkah,Mercedes-Benz,E-Class,2016,184076.0,Diesel,Manual,3.0,1,0,Good,White,Dealer,1,0,95700
CR-70020,2026-04-06,Jeddah,Mercedes-Benz,E-Class,2016,184518.0,Diesel,Automatic,2.0,1,0,Fair,Red,Dealer,0,0,81100
CR-70021,2026-05-11,Jeddah,Kia,Sportage,2013,237537.0,Petrol,Automatic,1.6,1,0,Excellent,White,Dealer,1,0,25900
CR-70022,2026-06-02,Khobar,Chevrolet,Tahoe,2021,92129.0,Petrol,Automatic,6.2,4,0,Excellent,Gray,Dealer,1,0,173900
CR-70023,2026-05-09,Jeddah,GMC,Yukon,2012,274268.0,Diesel,Automatic,5.3,2,0,Excellent,White,Dealer,1,0,65100
CR-70024,2026-04-13,Madinah,Chevrolet,Malibu,2022,82957.0,Petrol,Manual,2.0,3,0,Excellent,,Dealer,1,0,48800
CR-70025,2026-07-19,Riyadh,Kia,Cerato,2012,258784.0,Petrol,Automatic,2.0,4,1,Excellent,Black,Private,1,0,18000
CR-70026,2026-05-24,Tabuk,Mercedes-Benz,E-Class,2016,197589.0,Petrol,Automatic,3.0,2,0,Excellent,Silver,Private,1,0,91400
CR-70027,2026-06-05,Tabuk,Chevrolet,Tahoe,2025,,Petrol,Automatic,6.2,2,0,Excellent,Gray,Private,1,6,251700
CR-70028,2026-06-27,Riyadh,Kia,Sportage,2017,168545.0,Hybrid,Automatic,2.0,1,0,Excellent,Brown,Dealer,0,0,45800
CR-70029,2026-07-27,Tabuk,Hyundai,Elantra,2015,190756.0,Petrol,Automatic,2.0,1,0,Good,Red,Dealer,1,0,22000
CR-70030,2026-05-23,Madinah,Chevrolet,Tahoe,2015,198835.0,Petrol,Automatic,5.3,1,1,Excellent,Black,Auction,1,0,69500
CR-70031,2026-04-16,Makkah,Toyota,Corolla,2025,9020.0,Petrol,Automatic,1.6,1,1,Excellent,White,Private,1,0,71400
CR-70032,2026-07-01,Khobar,Ford,Explorer,2025,27628.0,Petrol,Automatic,3.0,2,0,Excellent,White,Dealer,1,12,191100
CR-70033,2026-05-21,Tabuk,Mazda,CX-5,2017,167726.0,Hybrid,Automatic,2.0,1,0,Good,White,Dealer,1,0,47200
CR-70034,2026-05-17,Makkah,Honda,Accord,2018,135900.0,Diesel,Automatic,2.0,2,0,Good,Silver,Auction,1,0,43000
CR-70035,2026-06-26,Madinah,Toyota,Camry,2016,,Hybrid,Automatic,2.5,1,0,Fair,Silver,Dealer,1,24,41400
CR-70036,2026-04-13,Makkah,Chevrolet,Malibu,2013,243479.0,Petrol,Automatic,2.0,3,1,Fair,Black,Dealer,0,0,18000
CR-70037,2026-07-16,Khobar,GMC,Yukon,2014,238486.0,Petrol,Automatic,5.3,3,0,Good,Gray,Private,0,0,63500
CR-70038,2026-06-14,Abha,Toyota,Corolla,2017,186064.0,Petrol,Automatic,1.6,4,1,Good,Red,Dealer,1,6,20200
CR-70039,2026-06-18,Tabuk,Nissan,Patrol,2020,113077.0,Petrol,Automatic,4.0,1,0,Good,White,Dealer,1,0,179500
CR-70040,2026-06-05,Abha,Nissan,Altima,2014,233888.0,Petrol,Manual,2.0,2,0,Good,White,Private,0,12,18000
CR-70041,2026-05-31,Khobar,Chevrolet,Malibu,2014,226084.0,Hybrid,Automatic,2.0,4,1,Good,White,Auction,1,0,18000
CR-70042,2026-04-06,Makkah,Toyota,Corolla,2018,168750.0,Petrol,Automatic,1.6,3,0,Good,White,Private,0,6,29400
CR-70043,2026-07-09,Riyadh,Hyundai,Tucson,2016,184391.0,Petrol,Automatic,2.0,1,0,Fair,White,Dealer,0,0,35000
CR-70044,2026-05-07,Jeddah,Mercedes-Benz,E-Class,2018,169395.0,Petrol,Automatic,3.0,1,0,Fair,Black,Private,1,0,103200
CR-70045,2026-07-22,Abha,Chevrolet,Malibu,2022,91159.0,Petrol,Automatic,1.5,2,0,Good,Red,Dealer,0,12,50300
CR-70046,2026-05-31,Madinah,Nissan,Patrol,2019,123242.0,Petrol,Automatic,5.6,2,0,Fair,Black,Dealer,1,24,136900
CR-70047,2026-07-20,Jeddah,Toyota,Land Cruiser,2023,79469.0,Petrol,Automatic,4.0,1,0,Good,White,Private,1,0,261000
CR-70048,2026-06-02,Riyadh,Hyundai,Elantra,2016,,Petrol,Automatic,1.6,1,0,Excellent,White,Dealer,1,6,28700
CR-70049,2026-05-29,Dammam,Ford,Explorer,2023,70757.0,Petrol,Automatic,2.3,2,0,Good,Gray,Dealer,1,0,150400
CR-70050,2026-06-12,Riyadh,Honda,Civic,2025,,Petrol,Automatic,1.5,3,0,Fair,White,Auction,1,6,52700
CR-70051,2026-04-24,Jeddah,Toyota,Camry,2014,212929.0,Petrol,Automatic,2.5,1,0,Good,White,Dealer,1,12,34500
CR-70052,2026-04-09,Khobar,Ford,Explorer,2018,140147.0,Petrol,Automatic,2.3,3,0,Excellent,Silver,Private,1,12,77100
CR-70053,2026-05-06,Jeddah,Mercedes-Benz,E-Class,2024,29008.0,Petrol,Automatic,2.0,2,0,Good,Blue,Private,1,12,249200
CR-70054,2026-05-17,Khobar,Nissan,Patrol,2025,31979.0,Petrol,Automatic,4.0,1,0,Good,Black,Private,1,6,279000
CR-70055,2026-07-19,Khobar,Toyota,Land Cruiser,2017,,Petrol,Automatic,4.0,3,0,Fair,Gray,Private,0,24,116300
CR-70056,2026-05-26,Khobar,Hyundai,Tucson,2025,29593.0,Petrol,Manual,2.5,3,0,Fair,Black,Dealer,1,12,82000
CR-70057,2026-07-19,Tabuk,GMC,Yukon,2015,204992.0,Petrol,Manual,5.3,1,0,Excellent,Red,Dealer,1,6,83400
CR-70058,2026-05-27,Abha,Chevrolet,Tahoe,2021,87096.0,Petrol,Automatic,6.2,1,1,Good,Silver,Dealer,1,12,145900
CR-70059,2026-06-25,Khobar,GMC,Yukon,2015,215741.0,Petrol,Automatic,5.3,1,0,Excellent,Blue,Dealer,0,12,90100
CR-70060,2026-05-18,Makkah,Toyota,Camry,2024,45927.0,Petrol,Automatic,2.5,2,1,Fair,Gray,Dealer,1,12,81200
CR-70061,2026-05-01,Abha,Kia,Cerato,2024,42459.0,Petrol,Automatic,1.6,2,1,Good,White,Auction,1,0,43300
CR-70062,2026-06-14,,GMC,Yukon,2018,152397.0,Petrol,Automatic,6.2,1,0,Excellent,Silver,Dealer,1,0,142300
CR-70063,2026-04-28,Riyadh,BMW,5 Series,2024,45693.0,Petrol,Automatic,2.0,2,0,Good,Gray,Private,1,12,211000
CR-70064,2026-07-11,Khobar,Toyota,Camry,2024,46210.0,Petrol,Manual,2.5,3,0,Excellent,White,Dealer,0,24,98100
CR-70065,2026-05-22,Dammam,Toyota,Camry,2024,47785.0,Petrol,Automatic,2.0,2,0,Good,White,Dealer,0,0,101500
CR-70066,2026-04-18,Dammam,Mazda,CX-5,2021,84861.0,Petrol,Automatic,2.0,1,0,Fair,White,Private,1,6,61700
CR-70067,2026-06-07,Madinah,Chevrolet,Malibu,2020,112659.0,Petrol,Manual,1.5,3,0,Good,,Dealer,1,0,37100
CR-70068,2026-07-08,Jeddah,Hyundai,Sonata,2014,228616.0,Petrol,Automatic,2.0,2,0,Excellent,Blue,Dealer,1,24,24300
CR-70069,2026-08-01,Abha,Ford,Explorer,2017,175180.0,Petrol,Automatic,2.3,1,0,Excellent,White,Dealer,1,0,77700
CR-70070,2026-04-29,Tabuk,Kia,Cerato,2019,153369.0,Petrol,Automatic,2.0,1,0,Good,White,Private,0,12,33100
CR-70071,2026-05-25,Riyadh,Hyundai,Tucson,2012,,Petrol,Automatic,2.5,1,0,Excellent,Gray,Private,1,0,26800
CR-70072,2026-07-06,Abha,Hyundai,Sonata,2024,50266.0,Petrol,Automatic,2.5,2,0,Fair,White,Dealer,1,24,67600
CR-70073,2026-05-26,Madinah,Mazda,CX-5,2013,237093.0,Petrol,Automatic,2.0,3,0,Good,White,Private,0,12,21700
CR-70074,2026-06-27,Riyadh,Toyota,Land Cruiser,2016,196278.0,Petrol,Automatic,4.0,1,0,Excellent,White,Dealer,0,24,136700
CR-70075,2026-07-20,Riyadh,Chevrolet,Malibu,2014,203508.0,Petrol,Manual,1.5,4,0,Excellent,White,Dealer,1,6,18200
CR-70076,2026-05-11,Abha,Chevrolet,Tahoe,2022,64948.0,Petrol,Automatic,5.3,2,1,Good,Silver,Private,1,0,149400
CR-70077,2026-04-11,Jeddah,Nissan,Altima,2024,41681.0,Petrol,Automatic,2.5,2,0,Good,White,Dealer,0,0,69400
CR-70078,2026-05-31,Tabuk,Honda,Civic,2021,104629.0,Petrol,Automatic,1.5,1,0,Excellent,Silver,Dealer,1,0,48500
CR-70079,2026-07-17,Jeddah,GMC,Yukon,2018,157627.0,Petrol,Automatic,5.3,1,0,Excellent,White,Dealer,1,6,147700
CR-70080,2026-05-11,Jeddah,Chevrolet,Malibu,2014,204687.0,Hybrid,Automatic,2.0,2,0,Good,White,Dealer,0,0,23500
CR-70081,2026-04-23,Madinah,Toyota,Land Cruiser,2022,89332.0,Petrol,Automatic,3.5,1,0,Good,White,Private,1,0,234400
CR-70082,2026-07-08,Jeddah,Honda,Civic,2017,171989.0,Petrol,Automatic,2.0,3,0,Fair,White,Dealer,0,24,25900
CR-70083,2026-04-10,Tabuk,Chevrolet,Malibu,2021,100795.0,Hybrid,Automatic,1.5,1,0,Good,Silver,Dealer,1,0,49700
CR-70084,2026-05-29,Makkah,Hyundai,Sonata,2013,227613.0,Petrol,Automatic,2.0,1,0,Excellent,Red,Private,1,0,21200
CR-70085,2026-05-23,Jeddah,Toyota,Hilux,2019,128354.0,Petrol,Automatic,2.4,1,0,Good,Black,Dealer,1,12,71600
CR-70086,2026-05-10,Riyadh,Toyota,Land Cruiser,2024,59390.0,Petrol,Automatic,3.5,1,0,Good,White,Private,0,0,291300
CR-70087,2026-07-12,Khobar,Ford,Explorer,2012,262874.0,Diesel,Automatic,2.3,3,0,Good,White,Dealer,0,12,34500
CR-70088,2026-06-06,Riyadh,Kia,Sportage,2020,121706.0,Hybrid,Automatic,2.0,2,0,Excellent,Gray,Dealer,1,0,65900
CR-70089,2026-07-05,Tabuk,Mazda,CX-5,2022,80409.0,Petrol,Automatic,2.5,3,1,Good,Black,Dealer,1,12,62300
CR-70090,2026-06-18,Abha,Honda,Accord,2015,200879.0,Petrol,Automatic,1.5,2,0,Fair,White,Private,1,12,27100
CR-70091,2026-05-23,Tabuk,Toyota,Camry,2022,80997.0,Petrol,Automatic,2.0,1,0,Good,White,Private,1,12,86100
CR-70092,2026-05-07,Makkah,Toyota,Corolla,2020,105894.0,Petrol,Automatic,1.6,1,0,Excellent,Blue,Dealer,1,12,55300
CR-70093,2026-07-26,Tabuk,Honda,Accord,2013,221036.0,Petrol,Automatic,1.5,1,0,Good,Black,Private,1,6,25800
CR-70094,2026-05-27,Tabuk,Ford,Explorer,2017,176055.0,Petrol,Automatic,3.0,1,1,Good,White,Private,1,0,53100
CR-70095,2026-06-24,Abha,Hyundai,Elantra,2012,260246.0,Petrol,Automatic,2.0,1,0,Fair,Gray,Dealer,1,6,18000
CR-70096,2026-05-09,Tabuk,Chevrolet,Malibu,2015,205727.0,Petrol,Automatic,2.0,2,0,Excellent,White,Auction,0,6,18200
CR-70097,2026-04-29,Riyadh,GMC,Yukon,2018,141660.0,Petrol,Automatic,6.2,4,0,Good,Black,Private,1,24,112100
CR-70098,2026-07-22,Tabuk,Nissan,Altima,2016,192892.0,Petrol,Automatic,2.5,3,0,Good,Black,Private,0,0,23700
CR-70099,2026-07-06,Riyadh,Hyundai,Tucson,2018,145491.0,Petrol,Automatic,2.0,1,0,Good,Silver,Private,1,0,48800
CR-70100,2026-07-10,Tabuk,Hyundai,Sonata,2017,168367.0,Petrol,Automatic,2.0,1,0,Excellent,White,Private,1,12,35600
CR-70101,2026-05-13,Khobar,Honda,Civic,2015,188914.0,Petrol,Automatic,1.5,2,1,Good,Brown,Private,1,0,18100
CR-70102,2026-06-22,Makkah,Hyundai,Tucson,2021,95865.0,Petrol,Automatic,,4,0,Excellent,Brown,Auction,0,0,55700
CR-70103,2026-05-19,Madinah,Nissan,Altima,2015,179597.0,Petrol,Automatic,2.0,3,0,Good,White,Private,1,0,24200
CR-70104,2026-04-15,Makkah,Chevrolet,Malibu,2014,214515.0,Petrol,Automatic,2.0,3,1,Good,Brown,Dealer,1,6,18000
CR-70105,2026-04-05,Dammam,Toyota,Land Cruiser,2024,42846.0,Petrol,Automatic,4.0,1,0,Good,White,Dealer,0,0,294900
CR-70106,2026-04-10,Makkah,Mazda,CX-5,2017,175945.0,Hybrid,Automatic,2.5,2,0,Good,White,Private,1,0,40100
CR-70107,2026-06-06,Tabuk,Hyundai,Tucson,2022,96342.0,Petrol,Automatic,1.6,1,0,Excellent,White,Dealer,1,0,77600
CR-70108,2026-07-12,Makkah,Hyundai,Sonata,2023,56543.0,Petrol,Automatic,2.0,2,0,Excellent,White,Dealer,0,0,68400
CR-70109,2026-07-03,Khobar,Mercedes-Benz,E-Class,2021,101457.0,Petrol,Automatic,3.0,2,0,Fair,White,Dealer,1,24,164300
CR-70110,2026-05-16,Makkah,Hyundai,Tucson,2020,112420.0,Hybrid,Automatic,2.0,3,0,Good,Silver,Dealer,0,0,58800
CR-70111,2026-07-28,Riyadh,Chevrolet,Tahoe,2016,189053.0,Diesel,Automatic,6.2,2,1,Good,Silver,Private,0,0,68600
CR-70112,2026-05-22,Jeddah,Toyota,Camry,2021,118793.0,Hybrid,Automatic,2.5,3,0,Fair,Black,Dealer,1,24,66200
CR-70113,2026-06-18,Madinah,Toyota,Corolla,2020,133990.0,Petrol,Automatic,2.0,1,0,Good,Silver,Private,1,6,40100
CR-70114,2026-08-01,Dammam,Hyundai,Elantra,2016,176583.0,Petrol,Automatic,1.6,1,0,Good,Black,Auction,0,0,23100
CR-70115,2026-07-04,Abha,Kia,Sportage,2017,177119.0,Hybrid,Automatic,2.0,3,0,Good,Red,Auction,1,0,33800
CR-70116,2026-07-25,Abha,Toyota,Camry,2024,34962.0,Petrol,Automatic,2.5,1,1,Good,Gray,Dealer,0,0,94300
CR-70117,2026-06-26,Madinah,Mercedes-Benz,E-Class,2019,134238.0,Petrol,Automatic,3.0,2,0,Fair,Black,Private,1,12,119900
CR-70118,2026-06-12,Makkah,Toyota,Camry,2019,137791.0,Hybrid,Manual,2.0,3,0,Excellent,White,Auction,0,0,52100
CR-70119,2026-05-03,Madinah,Toyota,Camry,2013,242500.0,Hybrid,Automatic,2.5,2,0,Good,Red,Private,1,6,28000
CR-70120,2026-06-13,Jeddah,Mazda,CX-5,2017,165349.0,Hybrid,Automatic,2.5,1,0,Fair,White,Dealer,1,0,45100
CR-70121,2026-05-30,Riyadh,Kia,Cerato,2013,232220.0,Petrol,Automatic,1.6,2,0,Good,White,Dealer,1,6,18400
CR-70122,2026-05-24,Abha,Nissan,Altima,2018,144981.0,Petrol,Automatic,2.0,1,0,Excellent,Black,Dealer,1,24,43900
CR-70123,2026-04-05,Jeddah,Nissan,Altima,2019,135812.0,Petrol,Automatic,2.5,1,0,Good,Black,Private,1,24,41000
CR-70124,2026-04-07,Dammam,Mazda,CX-5,2025,16951.0,Petrol,Automatic,2.0,1,0,Excellent,Gray,Dealer,0,12,118900
CR-70125,2026-05-01,Khobar,GMC,Yukon,2025,23396.0,Hybrid,Automatic,6.2,3,1,Excellent,White,Private,1,0,238900
CR-70126,2026-04-18,Dammam,Kia,Sportage,2022,76571.0,Petrol,Automatic,2.0,2,0,Good,Silver,Dealer,1,12,77000
CR-70127,2026-06-14,Jeddah,Nissan,Patrol,2014,241517.0,Petrol,Automatic,5.6,1,0,Excellent,White,Dealer,0,24,79800
CR-70128,2026-08-01,Jeddah,Kia,Sportage,2024,52994.0,Petrol,Automatic,2.0,1,0,Excellent,,Dealer,1,0,101200
CR-70129,2026-05-22,Tabuk,Toyota,Hilux,2019,126773.0,Petrol,Manual,2.4,2,0,Excellent,White,Auction,0,24,56400
CR-70130,2026-06-15,Dammam,Toyota,Land Cruiser,2024,28172.0,Petrol,Automatic,4.0,2,0,Excellent,,Dealer,0,0,340600
CR-70131,2026-04-15,Riyadh,Mazda,CX-5,2013,227339.0,Petrol,Automatic,2.0,2,0,Excellent,Red,Private,1,12,27000
CR-70132,2026-07-13,Khobar,Kia,Sportage,2014,240484.0,Diesel,Automatic,2.5,1,1,Excellent,Silver,Auction,1,0,20200
CR-70133,2026-04-29,Abha,GMC,Yukon,2022,89544.0,Hybrid,Automatic,5.3,2,0,Excellent,Gray,Private,0,12,206600
CR-70134,2026-05-31,Dammam,Hyundai,Tucson,2013,273141.0,Hybrid,Automatic,2.5,2,0,Good,Silver,Dealer,0,24,26800
CR-70135,2026-04-21,Makkah,Honda,Civic,2021,104864.0,Petrol,Automatic,2.0,2,0,Good,White,Private,1,12,46000
CR-70136,2026-07-06,Khobar,Mercedes-Benz,E-Class,2016,172828.0,Petrol,Automatic,2.0,3,0,Good,Silver,Dealer,1,0,93700
CR-70137,2026-06-03,Riyadh,BMW,5 Series,2025,10573.0,Petrol,Automatic,2.0,1,0,Good,White,Dealer,1,0,281500
CR-70138,2026-04-14,Khobar,Hyundai,Tucson,2022,67996.0,Petrol,Automatic,2.0,1,0,Excellent,Black,Auction,0,6,73600
CR-70139,2026-07-26,Khobar,Toyota,Corolla,2022,85081.0,Petrol,Automatic,1.8,2,0,Excellent,Gray,Private,0,0,53000
CR-70140,2026-07-10,Makkah,Honda,Civic,2021,112393.0,Petrol,Automatic,2.0,2,0,Good,White,Private,0,12,39600
CR-70141,2026-07-22,Dammam,Toyota,Land Cruiser,2022,86807.0,Petrol,Automatic,4.0,1,0,Good,White,Dealer,1,0,239500
CR-70142,2026-04-14,Makkah,BMW,5 Series,2021,113250.0,Petrol,Automatic,3.0,4,0,Fair,White,Dealer,0,0,122900
CR-70143,2026-04-05,Riyadh,Mercedes-Benz,E-Class,2018,142146.0,Hybrid,Automatic,2.0,1,0,Good,Black,Private,0,0,132700
CR-70144,2026-07-05,Tabuk,Kia,Cerato,2015,216937.0,Petrol,Automatic,2.0,1,0,Excellent,Black,Private,1,6,21500
CR-70145,2026-04-19,Dammam,Honda,Accord,2012,278828.0,Petrol,Automatic,1.5,1,0,Fair,Silver,Dealer,1,0,21200
CR-70146,2026-06-24,Madinah,Toyota,Corolla,2016,191996.0,Petrol,Automatic,1.6,1,0,Excellent,Black,Dealer,1,0,28300
CR-70147,2026-06-04,Abha,Mazda,CX-5,2017,174907.0,Petrol,Automatic,2.5,1,0,Fair,White,Dealer,1,0,40400
CR-70148,2026-06-20,Makkah,Toyota,Land Cruiser,2025,14462.0,Diesel,Automatic,4.0,2,0,Good,White,Private,1,0,303300
CR-70149,2026-04-17,Tabuk,Toyota,Hilux,2019,142729.0,Petrol,Automatic,,4,1,Good,White,Dealer,1,12,48000
CR-70150,2026-06-14,Madinah,Hyundai,Elantra,2023,65283.0,Petrol,Automatic,1.6,2,0,Good,White,Dealer,0,12,48900
CR-70151,2026-05-10,Riyadh,Ford,Explorer,2021,86893.0,Petrol,Automatic,3.0,1,0,Fair,White,Dealer,1,24,122400
CR-70152,2026-06-19,Jeddah,Hyundai,Elantra,2024,40264.0,Petrol,Automatic,1.6,1,0,Good,Blue,Dealer,1,0,62900
CR-70153,2026-05-03,Khobar,Hyundai,Elantra,2013,234404.0,Petrol,Automatic,2.0,2,0,Excellent,White,Private,0,0,18000
CR-70154,2026-06-15,Riyadh,Mercedes-Benz,E-Class,2020,126095.0,Petrol,Automatic,3.0,3,0,Good,Black,Dealer,1,0,139800
CR-70155,2026-05-02,Khobar,Nissan,Altima,2021,91140.0,Petrol,Manual,2.0,1,0,Good,White,Private,1,24,49900
CR-70156,2026-04-05,Khobar,Honda,Accord,2014,228461.0,Petrol,Automatic,2.0,2,0,Good,Black,Dealer,1,0,26500
CR-70157,2026-07-06,Dammam,Toyota,Land Cruiser,2025,33046.0,Petrol,Automatic,4.0,1,0,Good,White,Dealer,0,0,323500
CR-70158,2026-05-16,Makkah,Kia,Cerato,2013,258944.0,Petrol,Automatic,2.0,1,1,Excellent,Silver,Dealer,1,0,18000
CR-70159,2026-06-20,Riyadh,Kia,Cerato,2025,42572.0,Petrol,Automatic,1.6,2,0,Fair,Gray,Private,0,0,57300
CR-70160,2026-06-14,Khobar,GMC,Yukon,2016,177443.0,Petrol,Automatic,5.3,1,0,Good,White,Dealer,1,6,108000
CR-70161,2026-06-25,Makkah,Toyota,Camry,2023,39369.0,Hybrid,Automatic,2.0,2,0,Excellent,White,Dealer,0,12,113100
CR-70162,2026-04-13,Dammam,Kia,Sportage,2012,251767.0,Petrol,Automatic,1.6,3,1,Good,Silver,Dealer,0,0,18000
CR-70163,2026-06-17,Dammam,Hyundai,Elantra,2018,156551.0,Petrol,Automatic,2.0,1,0,Excellent,White,Private,1,0,30000
CR-70164,2026-06-05,Tabuk,Honda,Accord,2016,178918.0,Hybrid,Automatic,2.0,2,0,Good,Silver,Dealer,1,6,38600
CR-70165,2026-05-03,Tabuk,BMW,5 Series,2020,116963.0,Petrol,Automatic,2.0,2,0,Good,Blue,Dealer,0,24,135200
CR-70166,2026-06-26,Tabuk,Hyundai,Tucson,2024,55287.0,Petrol,Automatic,2.0,3,0,Excellent,Blue,Dealer,1,0,87000
CR-70167,2026-07-21,Madinah,Chevrolet,Malibu,2013,239971.0,Petrol,Automatic,1.5,1,0,Good,Blue,Private,0,0,18000
CR-70168,2026-07-19,Dammam,GMC,Yukon,2013,251964.0,Petrol,Automatic,5.3,2,0,Excellent,White,Private,1,6,61300
CR-70169,2026-05-31,Madinah,Kia,Sportage,2017,181766.0,Hybrid,Automatic,1.6,2,0,Good,Silver,Auction,0,0,33500
CR-70170,2026-07-31,Khobar,Toyota,Land Cruiser,2024,41077.0,Petrol,Manual,4.0,2,0,Fair,White,Auction,1,12,206700
CR-70171,2026-07-28,Makkah,Toyota,Land Cruiser,2021,,Petrol,Automatic,4.0,2,0,Good,Gray,Private,1,0,208300
CR-70172,2026-06-23,Khobar,Toyota,Camry,2016,187686.0,Petrol,Automatic,2.5,1,0,Good,Black,Dealer,0,0,46500
CR-70173,2026-07-13,Riyadh,Toyota,Corolla,2022,72633.0,Petrol,Automatic,2.0,3,0,Fair,Gray,Dealer,0,6,47000
CR-70174,2026-06-15,Madinah,Nissan,Altima,2017,175433.0,Petrol,Automatic,2.5,1,0,Good,White,Private,0,0,32000
CR-70175,2026-06-21,Makkah,Kia,Sportage,2025,31388.0,Petrol,Automatic,2.0,3,0,Fair,White,Dealer,1,0,79900
CR-70176,2026-04-27,Khobar,Honda,Accord,2016,176082.0,Petrol,Automatic,2.0,2,0,Good,White,Dealer,1,0,36800
CR-70177,2026-05-17,Riyadh,Hyundai,Tucson,2015,232919.0,Diesel,Automatic,2.5,1,0,Good,Brown,Dealer,1,0,30100
CR-70178,2026-06-20,Madinah,Kia,Sportage,2014,235567.0,Petrol,Automatic,2.5,2,0,Fair,White,Private,0,6,19300
CR-70179,2026-07-13,Madinah,Toyota,Camry,2014,210388.0,Petrol,Automatic,2.0,2,0,Fair,Blue,Dealer,1,0,31100
CR-70180,2026-07-30,Khobar,GMC,Yukon,2017,170880.0,Petrol,Automatic,5.3,1,0,Excellent,Blue,Auction,1,24,108900
CR-70181,2026-06-22,Dammam,Nissan,Altima,2023,68682.0,Petrol,Automatic,2.5,3,0,Good,White,Dealer,0,0,61100
CR-70182,2026-07-31,Riyadh,Honda,Accord,2022,79670.0,Petrol,Automatic,2.0,1,0,Excellent,White,Private,1,12,82200
CR-70183,2026-06-14,Makkah,Toyota,Corolla,2022,75831.0,Petrol,Automatic,2.0,2,1,Fair,White,Auction,1,24,35600
CR-70184,2026-05-03,Madinah,Mazda,CX-5,2022,89102.0,Hybrid,Automatic,2.5,1,0,Good,Gray,Private,0,12,82000
CR-70185,2026-05-03,Madinah,Hyundai,Elantra,2018,152820.0,Petrol,Automatic,1.6,2,0,Excellent,Black,Dealer,1,6,31800
CR-70186,2026-04-07,Riyadh,Mercedes-Benz,E-Class,2015,192269.0,Petrol,Automatic,3.0,2,0,Good,Silver,Dealer,0,0,93100
CR-70187,2026-07-13,Madinah,Hyundai,Sonata,2013,241999.0,Petrol,Automatic,2.5,1,0,Good,Silver,Private,1,0,18600
CR-70188,2026-06-06,Jeddah,Hyundai,Sonata,2016,164641.0,Petrol,Manual,2.0,1,0,Good,White,Dealer,1,0,31000
CR-70189,2026-06-28,Dammam,Mercedes-Benz,E-Class,2020,127671.0,Petrol,Automatic,3.0,2,0,Good,Blue,Dealer,1,12,150700
CR-70190,2026-04-09,Abha,GMC,Yukon,2012,238816.0,Diesel,Automatic,5.3,2,0,Excellent,Silver,Private,1,12,56300
CR-70191,2026-05-10,Tabuk,Hyundai,Sonata,2021,89368.0,Petrol,Automatic,2.0,2,0,Excellent,Gray,Private,1,0,54500
CR-70192,2026-07-25,Khobar,Mazda,CX-5,2020,118442.0,Hybrid,Automatic,2.5,1,0,Excellent,White,Dealer,1,6,78900
CR-70193,2026-07-09,Abha,Hyundai,Elantra,2025,27592.0,Petrol,Automatic,1.6,1,0,Excellent,Black,Private,1,12,66100
CR-70194,2026-05-15,Khobar,Hyundai,Elantra,2014,238997.0,Hybrid,Automatic,2.0,2,0,Good,White,Dealer,1,0,18000
CR-70195,2026-07-14,Tabuk,Kia,Cerato,2025,34521.0,Petrol,Automatic,2.0,1,0,Good,White,Private,1,12,61900
CR-70196,2026-07-11,Makkah,Toyota,Land Cruiser,2013,218051.0,Petrol,Automatic,3.5,1,0,Good,Silver,Auction,0,6,78700
CR-70197,2026-04-25,Khobar,Toyota,Corolla,2019,112299.0,Petrol,Automatic,2.0,2,1,Good,Silver,Private,0,12,31800
CR-70198,2026-07-05,Makkah,GMC,Yukon,2022,77616.0,Petrol,Automatic,6.2,2,0,Good,Blue,Private,1,12,187800
CR-70199,2026-05-19,Khobar,Kia,Cerato,2020,109254.0,Petrol,Automatic,1.6,3,0,Excellent,Silver,Private,0,0,39000
CR-70200,2026-07-08,Khobar,Hyundai,Tucson,2020,127011.0,Petrol,Automatic,2.0,1,0,Fair,White,Private,0,0,51300
CR-70201,2026-06-11,Jeddah,Chevrolet,Malibu,2016,181054.0,Petrol,Automatic,2.0,2,0,Good,Gray,Private,0,24,23700
CR-70202,2026-05-29,Riyadh,Honda,Civic,2015,185450.0,Hybrid,Automatic,2.0,2,0,Good,Black,Dealer,0,0,27600
CR-70203,2026-04-23,Riyadh,Ford,Explorer,2015,214324.0,Petrol,Automatic,2.3,2,0,Excellent,Gray,Dealer,1,0,58300
CR-70204,2026-06-02,Abha,BMW,5 Series,2015,205965.0,Petrol,Automatic,3.0,2,0,Fair,Blue,Dealer,0,12,67900
CR-70205,2026-07-28,Madinah,Chevrolet,Malibu,2022,83930.0,Petrol,Automatic,2.0,3,0,Good,White,Dealer,1,0,49900
CR-70206,2026-04-20,Madinah,Toyota,Camry,2018,151849.0,Petrol,Manual,2.0,2,1,Good,Black,Private,1,12,38300
CR-70207,2026-07-12,Khobar,Hyundai,Sonata,2013,257888.0,Petrol,Automatic,2.0,1,0,Excellent,Black,Private,1,0,21500
CR-70208,2026-06-16,Dammam,Hyundai,Elantra,2022,75689.0,Petrol,Automatic,,1,0,Excellent,Black,Dealer,1,0,57400
CR-70209,2026-06-04,Tabuk,Mazda,CX-5,2024,26818.0,Petrol,Automatic,2.5,1,0,Excellent,White,Dealer,1,24,114200
CR-70210,2026-04-30,Jeddah,Toyota,Corolla,2024,39731.0,Petrol,Automatic,1.6,2,0,Good,White,Auction,1,0,61200
CR-70211,2026-06-28,Riyadh,Hyundai,Sonata,2012,270137.0,Petrol,Automatic,2.5,3,0,Good,Gray,Dealer,1,0,18400
CR-70212,2026-06-01,Khobar,Hyundai,Tucson,2017,166973.0,Petrol,Automatic,1.6,2,0,Excellent,White,Private,0,12,42800
CR-70213,2026-07-13,Madinah,Kia,Sportage,2017,174401.0,Petrol,Automatic,2.5,3,0,Good,White,Auction,1,0,32700
CR-70214,2026-06-07,Abha,Toyota,Corolla,2025,44720.0,Petrol,Automatic,,3,1,Excellent,White,Private,1,6,57000
CR-70215,2026-05-03,Abha,Hyundai,Elantra,2018,148851.0,Petrol,Automatic,1.6,3,0,Fair,Red,Private,1,0,23800
CR-70216,2026-06-02,Madinah,Ford,Explorer,2021,101914.0,Petrol,Automatic,2.3,2,0,Good,Silver,Dealer,1,0,108600
CR-70217,2026-06-16,Makkah,Nissan,Patrol,2019,136987.0,Petrol,Automatic,5.6,1,0,Fair,Black,Dealer,1,0,135500
CR-70218,2026-07-04,Tabuk,Hyundai,Tucson,2017,163301.0,Petrol,Automatic,2.0,1,0,Good,White,Auction,1,0,36700
CR-70219,2026-04-24,Madinah,GMC,Yukon,2020,122797.0,Petrol,Automatic,6.2,1,0,Good,White,Dealer,1,0,167400
CR-70220,2026-04-07,Khobar,Kia,Sportage,2016,200245.0,Petrol,Automatic,2.5,1,0,Good,White,Dealer,1,0,38300
CR-70221,2026-07-05,Riyadh,Mazda,CX-5,2012,268804.0,Petrol,Automatic,2.0,2,0,Good,Red,Private,0,0,21500
CR-70222,2026-05-06,Tabuk,Kia,Sportage,2018,152378.0,Petrol,Automatic,2.0,3,0,Excellent,White,Dealer,0,24,45800
CR-70223,2026-07-29,Tabuk,Toyota,Corolla,2022,94235.0,Petrol,Automatic,2.0,3,0,Good,Silver,Dealer,1,24,49600
CR-70224,2026-04-11,Abha,Honda,Civic,2020,98244.0,Petrol,Automatic,2.0,2,0,Good,Gray,Private,1,6,39900
CR-70225,2026-06-18,Dammam,Toyota,Hilux,2023,57491.0,Petrol,Automatic,2.8,1,0,Excellent,Black,Dealer,1,12,111000
CR-70226,2026-06-10,Dammam,Chevrolet,Malibu,2015,208923.0,Petrol,Automatic,1.5,1,1,Excellent,Black,Private,1,12,18700
CR-70227,2026-04-18,Makkah,Honda,Civic,2024,40331.0,Petrol,Manual,2.0,1,1,Good,Black,Dealer,1,0,54400
CR-70228,2026-07-05,Madinah,Ford,Explorer,2024,41780.0,Petrol,Automatic,3.0,1,0,Excellent,,Dealer,1,0,176800
CR-70229,2026-07-30,Riyadh,Toyota,Camry,2014,227922.0,Petrol,Automatic,2.5,3,1,Excellent,White,Dealer,1,0,27900
CR-70230,2026-05-27,Riyadh,Hyundai,Tucson,2013,250789.0,Petrol,Manual,2.0,1,0,Excellent,Red,Dealer,1,0,26500
CR-70231,2026-04-10,Khobar,GMC,Yukon,2022,90530.0,Petrol,Automatic,5.3,3,0,Fair,Silver,Private,1,6,146700
CR-70232,2026-05-20,Riyadh,Honda,Civic,2020,109475.0,Petrol,Manual,1.5,1,0,Excellent,Brown,Private,1,0,44700
CR-70233,2026-05-11,Riyadh,Nissan,Altima,2019,106602.0,Petrol,Automatic,2.5,3,0,Good,Blue,Dealer,1,12,42200
CR-70234,2026-06-18,Dammam,Honda,Civic,2019,133884.0,Petrol,Automatic,2.0,1,0,Good,White,Dealer,1,12,42500
CR-70235,2026-06-02,Jeddah,Toyota,Land Cruiser,2023,51387.0,Petrol,Automatic,4.0,2,0,Good,White,Private,1,0,264500
CR-70236,2026-05-03,Tabuk,Mazda,CX-5,2024,34076.0,Petrol,Automatic,2.0,2,0,Good,Black,Dealer,0,0,93100
CR-70237,2026-06-28,Abha,Kia,Sportage,2016,183028.0,Petrol,Automatic,1.6,2,0,Fair,Blue,Private,1,24,28200
CR-70238,2026-06-01,Abha,Kia,Cerato,2024,61397.0,Petrol,Automatic,2.0,1,0,Good,Black,Private,1,12,55400
CR-70239,2026-07-21,Jeddah,Honda,Civic,2019,127830.0,Petrol,Automatic,1.5,1,0,Good,White,Dealer,1,0,40600
CR-70240,2026-05-17,Dammam,Honda,Accord,2015,207707.0,Petrol,Automatic,1.5,2,0,Good,White,Dealer,1,0,32200
CR-70241,2026-06-29,Jeddah,Nissan,Patrol,2024,42726.0,Petrol,Automatic,5.6,3,0,Good,Black,Dealer,1,0,247600
CR-70242,2026-04-19,Abha,Hyundai,Elantra,2022,74771.0,Petrol,Automatic,2.0,2,0,Good,White,Private,1,0,42500
CR-70243,2026-04-13,Madinah,Mazda,CX-5,2020,123695.0,Petrol,Manual,2.5,4,1,Fair,,Dealer,0,0,34100
CR-70244,2026-06-26,Dammam,Kia,Sportage,2021,84244.0,Petrol,Automatic,1.6,2,0,Excellent,White,Auction,1,0,59800
CR-70245,2026-07-15,Makkah,BMW,5 Series,2020,141242.0,Petrol,Automatic,3.0,1,0,Good,Red,Private,1,12,138300
CR-70246,2026-05-28,Makkah,Ford,Explorer,2012,251233.0,Petrol,Automatic,3.0,1,1,Good,White,Dealer,0,24,33800
CR-70247,2026-06-10,Khobar,Toyota,Hilux,2015,212886.0,Diesel,Automatic,2.4,3,0,Excellent,White,Private,1,0,36500
CR-70248,2026-04-27,Khobar,Chevrolet,Malibu,2020,86300.0,Petrol,Automatic,1.5,1,0,Good,White,Private,1,0,45700
CR-70249,2026-05-24,Dammam,Mercedes-Benz,E-Class,2018,152881.0,Petrol,Automatic,2.0,2,0,Excellent,White,Dealer,0,0,123800
CR-70250,2026-05-30,Riyadh,Honda,Civic,2016,200908.0,Petrol,Automatic,1.5,3,0,Good,White,Private,1,0,22200
CR-70251,2026-07-09,Abha,Mazda,CX-5,2012,275576.0,Petrol,Automatic,2.5,1,0,Good,Black,Private,0,0,21900
CR-70252,2026-05-07,Jeddah,Hyundai,Sonata,2017,167725.0,Petrol,Automatic,2.5,2,1,Good,Black,Private,0,24,27600
CR-70253,2026-04-12,Jeddah,Hyundai,Tucson,2015,215207.0,Petrol,Manual,1.6,2,0,Good,Silver,Private,1,0,26000
CR-70254,2026-04-15,Riyadh,Hyundai,Tucson,2020,132090.0,Petrol,Automatic,1.6,1,0,Good,Gray,Dealer,1,0,60800
CR-70255,2026-07-10,Khobar,Hyundai,Elantra,2021,101194.0,Petrol,Automatic,2.0,3,0,Good,Brown,Private,1,0,36600
CR-70256,2026-05-09,Madinah,Nissan,Patrol,2013,240979.0,Petrol,Manual,4.0,1,0,Good,White,Dealer,1,0,66400
CR-70257,2026-05-17,Jeddah,Kia,Sportage,2015,214464.0,Diesel,Automatic,2.0,2,0,Good,Silver,Private,1,0,26700
CR-70258,2026-07-10,Jeddah,Hyundai,Tucson,2018,144628.0,Hybrid,Automatic,2.0,1,0,Excellent,White,Dealer,1,0,60800
CR-70259,2026-05-04,Khobar,Kia,Cerato,2018,127785.0,Petrol,Manual,2.0,2,1,Excellent,Red,Dealer,0,0,27000
CR-70260,2026-06-26,Dammam,Honda,Civic,2015,217280.0,Petrol,Automatic,2.0,3,0,Good,White,Private,1,0,19000
CR-70261,2026-04-29,Riyadh,Hyundai,Tucson,2014,221318.0,Hybrid,Automatic,2.0,1,0,Good,White,Private,1,0,31100
CR-70262,2026-04-17,Madinah,Chevrolet,Malibu,2017,169819.0,Hybrid,Automatic,1.5,2,0,Good,Gray,Private,1,12,27800
CR-70263,2026-07-03,Dammam,Chevrolet,Malibu,2019,122910.0,Hybrid,Manual,1.5,2,0,Good,White,Dealer,0,0,37300
CR-70264,2026-07-07,Makkah,Chevrolet,Malibu,2014,216759.0,Petrol,Manual,2.0,2,0,Good,White,Dealer,1,12,18200
CR-70265,2026-06-09,Khobar,BMW,5 Series,2012,280456.0,Petrol,Automatic,3.0,2,0,Good,Silver,Private,1,24,50900
CR-70266,2026-07-29,Dammam,Kia,Cerato,2019,157116.0,Petrol,Automatic,2.0,1,0,Good,White,Dealer,1,6,35600
CR-70267,2026-05-14,Jeddah,Honda,Accord,2021,92604.0,Petrol,Automatic,1.5,2,0,Excellent,Blue,Dealer,1,12,76600
CR-70268,2026-07-29,Khobar,Hyundai,Tucson,2012,280648.0,Petrol,Automatic,2.5,2,1,Excellent,White,Private,1,24,19500
CR-70269,2026-04-11,Khobar,Kia,Sportage,2021,113838.0,Petrol,Automatic,1.6,3,0,Fair,Red,Dealer,0,6,48600
CR-70270,2026-04-09,Makkah,GMC,Yukon,2022,72877.0,Petrol,Automatic,5.3,2,0,Excellent,Silver,Private,0,12,200700
CR-70271,2026-04-09,Jeddah,Honda,Civic,2019,133991.0,Petrol,Automatic,1.5,1,0,Excellent,White,Dealer,1,0,40400
CR-70272,2026-04-20,Jeddah,BMW,5 Series,2021,81167.0,Petrol,Automatic,3.0,1,0,Excellent,White,Private,1,0,186900
CR-70273,2026-06-27,Jeddah,Nissan,Patrol,2022,77103.0,Petrol,Automatic,4.0,2,0,Good,White,Dealer,1,6,213000
CR-70274,2026-06-16,Jeddah,Honda,Accord,2025,22823.0,Petrol,Automatic,1.5,2,0,Fair,Silver,Dealer,0,0,84900
CR-70275,2026-04-17,Khobar,Mercedes-Benz,E-Class,2025,26281.0,Petrol,Automatic,2.0,2,1,Good,Black,Private,1,0,209800
CR-70276,2026-04-25,Khobar,Hyundai,Tucson,2017,173429.0,Petrol,Automatic,1.6,2,0,Good,Red,Dealer,1,24,41700
CR-70277,2026-06-06,Tabuk,Mercedes-Benz,E-Class,2018,153320.0,Petrol,Manual,2.0,2,0,Good,White,Private,0,0,95300
CR-70278,2026-06-28,Riyadh,Mercedes-Benz,E-Class,2014,218134.0,Hybrid,Manual,2.0,4,0,Good,Gray,Auction,1,0,60400
CR-70279,2026-07-10,Madinah,Nissan,Patrol,2021,86585.0,Petrol,Automatic,4.0,1,0,Good,White,Private,1,0,191700
CR-70280,2026-05-01,Dammam,Chevrolet,Tahoe,2017,164246.0,Diesel,Automatic,5.3,1,0,Good,White,Private,1,12,106900
CR-70281,2026-04-16,Madinah,Nissan,Patrol,2019,141689.0,Petrol,Automatic,4.0,1,0,Excellent,White,Dealer,0,0,154300
CR-70282,2026-05-26,Jeddah,Toyota,Camry,2016,214259.0,Petrol,Manual,2.5,1,0,Good,Gray,Private,1,0,36000
CR-70283,2026-04-20,,Kia,Sportage,2021,102415.0,Hybrid,Automatic,2.5,1,0,Good,,Private,1,0,72800
CR-70284,2026-07-25,Tabuk,Toyota,Camry,2017,189110.0,Hybrid,Automatic,2.5,2,0,Good,Silver,Private,1,12,44000
CR-70285,2026-07-20,Khobar,Toyota,Land Cruiser,2016,177556.0,Petrol,Automatic,3.5,2,0,Good,Brown,Dealer,1,0,131100
CR-70286,2026-07-07,Abha,Chevrolet,Tahoe,2013,228768.0,Petrol,Automatic,5.3,4,0,Excellent,Silver,Private,1,0,57300
CR-70287,2026-07-07,Abha,Mazda,CX-5,2018,189750.0,Petrol,Automatic,2.5,1,0,Fair,Black,Dealer,1,0,39100
CR-70288,2026-06-16,Abha,Ford,Explorer,2018,166580.0,Petrol,Automatic,3.0,1,0,Fair,Blue,Private,1,24,67600
CR-70289,2026-06-02,Abha,Chevrolet,Malibu,2013,241837.0,Petrol,Manual,2.0,1,0,Good,White,Dealer,0,0,18000
CR-70290,2026-05-14,Madinah,Kia,Cerato,2024,58255.0,Petrol,Automatic,2.0,1,0,Excellent,Black,Auction,0,24,58900
CR-70291,2026-04-18,Riyadh,Hyundai,Sonata,2017,167965.0,Petrol,Automatic,2.5,3,1,Good,Black,Dealer,0,6,25900
CR-70292,2026-07-04,Makkah,Honda,Civic,2022,75080.0,Petrol,Automatic,1.5,1,0,Good,Blue,Dealer,1,0,54900
CR-70293,2026-04-21,,Toyota,Camry,2019,123129.0,Petrol,Automatic,2.5,3,0,Good,White,Private,0,6,58800
CR-70294,2026-04-28,Tabuk,Nissan,Patrol,2019,134779.0,Petrol,Automatic,4.0,2,0,Excellent,Black,Dealer,1,0,159300
CR-70295,2026-06-02,Abha,GMC,Yukon,2024,41493.0,Diesel,Automatic,5.3,1,0,Good,Brown,Private,1,0,235600
CR-70296,2026-05-25,Madinah,Toyota,Camry,2023,67512.0,Petrol,Automatic,2.0,1,0,Good,Red,Private,0,12,84800
CR-70297,2026-05-23,Madinah,Toyota,Camry,2024,44320.0,Petrol,Automatic,2.0,1,0,Fair,White,Private,1,0,90500
CR-70298,2026-07-21,Riyadh,Hyundai,Tucson,2019,147100.0,Hybrid,Automatic,2.5,3,0,Excellent,White,Private,0,0,55400
CR-70299,2026-05-04,Makkah,BMW,5 Series,2018,136181.0,Petrol,Automatic,2.0,3,1,Excellent,Black,Private,1,0,89900
CR-70300,2026-06-09,Madinah,Nissan,Altima,2012,269751.0,Petrol,Automatic,2.5,2,0,Excellent,White,Dealer,1,0,18000
CR-70301,2026-07-21,Tabuk,Mercedes-Benz,E-Class,2015,212057.0,Petrol,Automatic,2.0,4,0,Fair,Blue,Dealer,1,24,60900
CR-70302,2026-04-19,Khobar,Hyundai,Sonata,2022,68613.0,Petrol,Manual,2.5,1,0,Excellent,Silver,Private,1,0,64500
CR-70303,2026-04-07,Riyadh,Ford,Explorer,2012,281747.0,Petrol,Automatic,3.0,1,0,Fair,Gray,Dealer,0,0,37400
CR-70304,2026-07-08,Madinah,Chevrolet,Tahoe,2021,96331.0,Diesel,Automatic,6.2,1,0,Fair,White,Private,1,6,151000
CR-70305,2026-04-19,Abha,Toyota,Corolla,2018,150689.0,Petrol,Automatic,1.6,2,0,Excellent,,Auction,1,12,31700
CR-70306,2026-05-31,Makkah,Mercedes-Benz,E-Class,2020,88604.0,Petrol,Automatic,2.0,1,0,Good,Gray,Auction,1,0,141400
CR-70307,2026-05-09,Khobar,Honda,Accord,2023,78767.0,Petrol,Automatic,2.0,1,0,Fair,White,Private,0,0,69700
CR-70308,2026-07-12,Riyadh,Hyundai,Elantra,2020,121879.0,Petrol,Automatic,1.6,1,0,Fair,Gray,Private,1,0,34200
CR-70309,2026-05-22,Makkah,Kia,Sportage,2018,140633.0,Petrol,Automatic,2.5,1,0,Excellent,Gray,Dealer,1,0,54000
CR-70310,2026-05-09,Dammam,Honda,Civic,2019,128953.0,Petrol,Manual,1.5,1,0,Good,White,Dealer,1,0,36400
CR-70311,2026-04-04,Madinah,Chevrolet,Malibu,2024,60926.0,Petrol,Automatic,1.5,2,0,Excellent,Black,Private,1,6,61500
CR-70312,2026-07-16,Makkah,Chevrolet,Malibu,2023,51848.0,Petrol,Automatic,2.0,1,0,Good,Gray,Dealer,1,12,61900
CR-70313,2026-07-09,Makkah,Chevrolet,Malibu,2013,273052.0,Hybrid,Automatic,1.5,4,0,Excellent,Gray,Dealer,1,24,18000
CR-70314,2026-07-12,Madinah,Toyota,Hilux,2017,162914.0,Petrol,Automatic,2.8,1,1,Excellent,Gray,Dealer,0,0,45300
CR-70315,2026-07-31,Makkah,Nissan,Altima,2021,82155.0,Petrol,Automatic,2.0,2,0,Excellent,White,Private,0,6,50500
CR-70316,2026-06-12,Khobar,Hyundai,Sonata,2017,148136.0,Petrol,Automatic,2.0,2,1,Good,White,Dealer,1,12,31100
CR-70317,2026-06-11,Tabuk,Ford,Explorer,2014,223562.0,Petrol,Automatic,2.3,1,0,Fair,White,Private,0,12,40500
CR-70318,2026-06-26,Riyadh,Hyundai,Elantra,2017,156368.0,Petrol,Automatic,1.6,4,0,Good,White,Private,1,0,23300
CR-70319,2026-04-27,Jeddah,GMC,Yukon,2022,74417.0,Petrol,Automatic,5.3,1,0,Excellent,White,Dealer,1,6,242000
CR-70320,2026-04-04,Riyadh,Kia,Cerato,2014,242290.0,Petrol,Manual,2.0,1,0,Fair,Gray,Private,1,0,18000
CR-70321,2026-05-22,Khobar,Hyundai,Sonata,2023,78874.0,Hybrid,Automatic,2.0,1,0,Excellent,White,Private,0,24,78800
CR-70322,2026-05-20,Makkah,Mazda,CX-5,2012,292676.0,Petrol,Automatic,2.0,1,0,Excellent,Gray,Dealer,1,12,24300
CR-70323,2026-07-17,Dammam,Toyota,Land Cruiser,2013,268411.0,Diesel,Automatic,4.0,3,0,Excellent,Red,Private,0,12,69300
CR-70324,2026-06-06,Riyadh,Mazda,CX-5,2025,25303.0,Hybrid,Automatic,2.5,2,0,Fair,Black,Dealer,1,24,108300
CR-70325,2026-05-01,Riyadh,Mercedes-Benz,E-Class,2022,84118.0,Petrol,Automatic,2.0,1,0,Excellent,Silver,Dealer,1,0,203800
CR-70326,2026-06-20,Dammam,Toyota,Land Cruiser,2012,283368.0,Petrol,Automatic,4.0,1,0,Good,White,Dealer,1,0,71900
CR-70327,2026-07-14,Tabuk,Mazda,CX-5,2013,240921.0,Petrol,Automatic,2.0,3,0,Excellent,Black,Dealer,0,0,24700
CR-70328,2026-04-21,Tabuk,Nissan,Patrol,2024,25902.0,Petrol,Automatic,4.0,3,1,Excellent,Silver,Auction,0,0,187700
CR-70329,2026-05-02,Madinah,Mazda,CX-5,2015,190535.0,Petrol,Automatic,2.5,2,0,Good,Red,Dealer,0,0,35300
CR-70330,2026-05-10,Madinah,Kia,Sportage,2024,,Petrol,Automatic,2.0,3,0,Excellent,White,Private,1,12,83800
CR-70331,2026-06-18,Dammam,Toyota,Corolla,2017,160156.0,Petrol,Automatic,1.8,1,0,Good,Black,Dealer,1,0,32900
CR-70332,2026-04-04,Dammam,BMW,5 Series,2023,59568.0,Petrol,Manual,3.0,1,0,Good,White,Dealer,1,0,191100
CR-70333,2026-06-10,Abha,BMW,5 Series,2014,225663.0,Petrol,Automatic,3.0,1,0,Excellent,Red,Dealer,0,0,73500
CR-70334,2026-04-27,Abha,GMC,Yukon,2012,232755.0,Petrol,Automatic,5.3,1,0,Excellent,White,Dealer,1,0,68400
CR-70335,2026-07-18,Tabuk,GMC,Yukon,2025,17354.0,Petrol,Automatic,5.3,1,0,Good,Black,Private,1,0,276800
CR-70336,2026-04-17,Khobar,BMW,5 Series,2024,41060.0,Petrol,Automatic,3.0,1,0,Excellent,Black,Private,0,12,252000
CR-70337,2026-07-13,Riyadh,GMC,Yukon,2012,265686.0,Petrol,Manual,6.2,2,0,Good,Black,Private,1,0,56500
CR-70338,2026-06-10,Riyadh,Toyota,Camry,2014,216233.0,Hybrid,Manual,2.0,3,0,Good,White,Dealer,0,12,29700
CR-70339,2026-06-24,Khobar,Kia,Cerato,2019,95996.0,Petrol,Automatic,1.6,2,0,Good,White,Dealer,1,0,39300
CR-70340,2026-06-30,Dammam,GMC,Yukon,2016,190756.0,Petrol,Automatic,6.2,1,1,Good,Blue,Private,0,12,78300
CR-70341,2026-04-27,Makkah,Honda,Accord,2021,,Diesel,Automatic,2.0,1,0,Good,Brown,Private,0,0,61600
CR-70342,2026-07-27,Makkah,Toyota,Hilux,2012,,Petrol,Automatic,2.4,1,0,Good,White,Dealer,0,12,27800
CR-70343,2026-06-02,Tabuk,Kia,Cerato,2012,247472.0,Petrol,Automatic,2.0,2,0,Fair,White,Private,1,0,18000
CR-70344,2026-06-25,Jeddah,Nissan,Altima,2022,71877.0,Petrol,Automatic,2.5,1,0,Good,Red,Private,1,6,57400
CR-70345,2026-04-06,Riyadh,Toyota,Hilux,2024,33326.0,Petrol,Automatic,2.8,1,0,Fair,Silver,Private,1,0,103900
CR-70346,2026-04-14,Dammam,Honda,Civic,2019,141521.0,Petrol,Automatic,1.5,2,0,Excellent,Black,Dealer,1,0,38000
CR-70347,2026-07-12,Jeddah,Honda,Accord,2024,49668.0,Petrol,Automatic,1.5,2,0,Excellent,White,Dealer,1,0,98300
CR-70348,2026-07-21,Tabuk,Hyundai,Tucson,2020,100178.0,Hybrid,Automatic,2.0,3,0,Excellent,,Dealer,1,0,63800
CR-70349,2026-04-07,Jeddah,Kia,Cerato,2019,121763.0,Petrol,Automatic,2.0,3,0,Fair,Silver,Dealer,1,0,29900
CR-70350,2026-05-02,Khobar,Toyota,Corolla,2014,222443.0,Petrol,Manual,1.6,2,0,Fair,Black,Private,1,0,18000
CR-70351,2026-07-12,Makkah,Hyundai,Sonata,2014,220868.0,Hybrid,Automatic,2.0,4,0,Good,Black,Dealer,1,0,23800
CR-70352,2026-07-29,Khobar,Kia,Cerato,2023,61232.0,Petrol,Automatic,1.6,1,1,Good,White,Private,1,0,48500
CR-70353,2026-07-25,Dammam,Toyota,Camry,2020,100252.0,Petrol,Automatic,2.0,2,0,Good,Gray,Private,0,0,66200
CR-70354,2026-05-13,Tabuk,Chevrolet,Tahoe,2023,71435.0,Petrol,Automatic,6.2,2,0,Good,White,Dealer,1,0,194400
CR-70355,2026-07-03,Jeddah,Ford,Explorer,2021,114218.0,Diesel,Automatic,3.0,1,0,Excellent,Silver,Dealer,0,0,121900
CR-70356,2026-07-22,Abha,Honda,Civic,2013,252725.0,Petrol,Automatic,2.0,1,1,Good,Silver,Dealer,1,24,18000
CR-70357,2026-07-22,Dammam,Toyota,Camry,2019,125004.0,Petrol,Automatic,2.0,1,0,Excellent,White,Private,1,12,69300
CR-70358,2026-07-18,Dammam,Hyundai,Sonata,2022,89017.0,Petrol,Automatic,2.5,4,0,Good,Black,Dealer,1,0,56900
CR-70359,2026-06-04,Khobar,Honda,Accord,2024,42413.0,Hybrid,Automatic,2.0,1,0,Good,Gray,Dealer,1,0,106300
CR-70360,2026-06-03,Jeddah,Mercedes-Benz,E-Class,2012,271960.0,Petrol,Automatic,3.0,1,0,Fair,Silver,Private,1,0,50200
CR-70361,2026-04-15,Tabuk,Nissan,Altima,2019,145770.0,Petrol,Automatic,2.0,2,0,Fair,White,Private,0,0,31200
CR-70362,2026-07-30,Riyadh,GMC,Yukon,2013,251437.0,Petrol,Automatic,6.2,3,0,Good,Gray,Private,1,0,56900
CR-70363,2026-07-25,Tabuk,Honda,Accord,2020,90387.0,Hybrid,Automatic,1.5,1,0,Excellent,White,Dealer,1,0,72300
CR-70364,2026-04-30,Dammam,Kia,Cerato,2025,39623.0,Petrol,Manual,2.0,1,0,Good,White,Dealer,0,0,64300
CR-70365,2026-05-28,Dammam,Kia,Sportage,2018,150547.0,Petrol,Automatic,1.6,3,0,Good,Red,Private,0,24,37800
CR-70366,2026-04-27,Tabuk,Mazda,CX-5,2020,116461.0,Petrol,Automatic,2.0,1,1,Excellent,Silver,Dealer,1,6,53400
CR-70367,2026-05-01,Tabuk,GMC,Yukon,2023,62647.0,Petrol,Automatic,5.3,1,0,Fair,Brown,Dealer,1,0,212400
CR-70368,2026-04-27,Jeddah,Ford,Explorer,2025,37246.0,Petrol,Automatic,3.0,1,1,Fair,Black,Private,1,12,133800
CR-70369,2026-04-11,Khobar,Nissan,Patrol,2023,63156.0,Petrol,Automatic,5.6,1,0,Excellent,Gray,Auction,0,0,244300
CR-70370,2026-06-05,Tabuk,Kia,Sportage,2025,19808.0,Petrol,Automatic,2.5,4,0,Excellent,White,Private,1,6,89300
CR-70371,2026-06-07,Tabuk,GMC,Yukon,2012,274012.0,Hybrid,Automatic,5.3,4,0,Excellent,Red,Dealer,1,0,58900
CR-70372,2026-05-17,Riyadh,BMW,5 Series,2017,157063.0,Petrol,Automatic,2.0,2,0,Fair,Black,Dealer,0,0,88000
CR-70373,2026-04-13,Jeddah,Honda,Accord,2023,58525.0,Petrol,Manual,1.5,1,0,Good,White,Dealer,1,0,84100
CR-70374,2026-05-18,Makkah,Honda,Accord,2020,122224.0,Petrol,Automatic,1.5,1,1,Good,White,Dealer,0,12,48000
CR-70375,2026-05-12,Dammam,Hyundai,Sonata,2025,25091.0,Petrol,Automatic,2.0,1,0,Good,White,Private,0,24,85100
CR-70376,2026-07-05,Riyadh,GMC,Yukon,2015,176274.0,Petrol,Automatic,6.2,1,1,Good,Blue,Dealer,1,0,83200
CR-70377,2026-07-19,Madinah,Nissan,Patrol,2013,243911.0,Petrol,Manual,5.6,3,0,Excellent,White,Dealer,0,6,58700
CR-70378,2026-06-19,Riyadh,Toyota,Corolla,2023,54045.0,Petrol,Automatic,1.6,2,0,Excellent,White,Dealer,1,12,68900
CR-70379,2026-05-26,Riyadh,Hyundai,Tucson,2015,192267.0,Petrol,Automatic,1.6,1,0,Excellent,Red,Private,0,12,36900
CR-70380,2026-06-20,Riyadh,Toyota,Camry,2016,197931.0,Petrol,Automatic,2.0,1,0,Good,White,Dealer,1,6,45500
CR-70381,2026-07-07,Khobar,Honda,Accord,2012,276703.0,Petrol,Manual,2.0,1,0,Good,Silver,Dealer,0,0,20400
CR-70382,2026-07-11,Makkah,Toyota,Land Cruiser,2023,77817.0,Petrol,Automatic,4.0,1,1,Excellent,Gray,Dealer,0,0,234200
CR-70383,2026-07-30,Abha,Hyundai,Elantra,2020,105884.0,Petrol,Automatic,2.0,1,0,Excellent,Black,Private,0,12,40400
CR-70384,2026-05-15,Khobar,Chevrolet,Malibu,2019,131233.0,Diesel,Manual,1.5,3,1,Good,White,Private,1,6,25600
CR-70385,2026-07-14,Madinah,Nissan,Patrol,2014,192070.0,Petrol,Manual,5.6,2,0,Good,Silver,Auction,1,0,73300
CR-70386,2026-04-30,Khobar,Mazda,CX-5,2018,138607.0,Petrol,Automatic,2.5,3,1,Good,White,Auction,1,0,36600
CR-70387,2026-06-16,Khobar,BMW,5 Series,2017,164539.0,Petrol,Automatic,2.0,2,0,Excellent,Red,Dealer,1,12,110200
CR-70388,2026-05-06,Khobar,Kia,Cerato,2015,196286.0,Petrol,Automatic,1.6,3,1,Excellent,Silver,Dealer,1,6,19300
CR-70389,2026-05-17,Tabuk,Toyota,Camry,2023,59751.0,Petrol,Automatic,2.0,1,0,Fair,Silver,Private,1,6,77700
CR-70390,2026-05-10,Makkah,Toyota,Corolla,2022,56466.0,Petrol,Automatic,1.6,3,0,Good,White,Dealer,1,0,53600
CR-70391,2026-07-01,Makkah,Toyota,Corolla,2013,252172.0,Hybrid,Automatic,1.8,1,1,Excellent,Silver,Dealer,1,0,18000
CR-70392,2026-06-12,Tabuk,GMC,Yukon,2012,267674.0,Petrol,Automatic,5.3,2,0,Excellent,White,Dealer,0,0,62700
CR-70393,2026-04-09,Tabuk,Nissan,Altima,2014,243626.0,Petrol,Manual,2.0,2,0,Excellent,Gray,Private,0,0,18000
CR-70394,2026-06-10,Madinah,Toyota,Camry,2023,68762.0,Petrol,Automatic,2.0,2,0,Good,Black,Dealer,0,0,93800
CR-70395,2026-05-30,Khobar,Toyota,Corolla,2025,46632.0,Petrol,Automatic,1.8,2,0,Good,Black,Dealer,0,0,77100
CR-70396,2026-07-21,Madinah,GMC,Yukon,2023,62381.0,Hybrid,Automatic,6.2,2,0,Good,Red,Dealer,1,0,243900
CR-70397,2026-07-19,,Hyundai,Tucson,2015,196534.0,Petrol,Automatic,2.5,1,0,Good,Black,Dealer,1,24,35900
CR-70398,2026-04-13,Khobar,GMC,Yukon,2018,149702.0,Petrol,Automatic,6.2,2,0,Excellent,Silver,Dealer,0,0,129900
CR-70399,2026-07-12,Tabuk,Mercedes-Benz,E-Class,2012,252749.0,Petrol,Automatic,2.0,2,0,Fair,Black,Dealer,1,24,49100
CR-70400,2026-05-12,Madinah,Mercedes-Benz,E-Class,2016,185212.0,Petrol,Automatic,2.0,1,0,Excellent,White,Private,1,0,93200
CR-70401,2026-07-29,Tabuk,Nissan,Patrol,2018,137788.0,Petrol,Automatic,5.6,2,0,Fair,Gray,Private,0,0,108500
CR-70402,2026-04-13,Jeddah,Toyota,Hilux,2013,250828.0,Petrol,Automatic,2.8,2,0,Good,Blue,Dealer,1,24,29300
CR-70403,2026-07-04,Makkah,Chevrolet,Tahoe,2013,237039.0,Petrol,Automatic,5.3,1,0,Good,Black,Dealer,1,12,64100
CR-70404,2026-05-08,Dammam,Honda,Civic,2015,189541.0,Petrol,Automatic,2.0,2,0,Good,Red,Dealer,0,0,23100
CR-70405,2026-07-29,Riyadh,Honda,Civic,2022,48978.0,Petrol,Automatic,1.5,2,0,Excellent,Blue,Dealer,1,0,60400
CR-70406,2026-04-17,Abha,Honda,Accord,2014,238893.0,Hybrid,Automatic,2.0,1,0,Good,White,Dealer,1,12,30600
CR-70407,2026-05-24,Riyadh,Toyota,Corolla,2012,276117.0,Petrol,Automatic,2.0,3,0,Good,Silver,Private,0,0,18000
CR-70408,2026-05-18,Makkah,Hyundai,Sonata,2014,245883.0,Hybrid,Automatic,2.5,1,0,Excellent,White,Private,0,0,22300
CR-70409,2026-04-13,Tabuk,Ford,Explorer,2014,208609.0,Petrol,Automatic,3.0,1,0,Excellent,Gray,Dealer,1,0,57000
CR-70410,2026-07-03,Makkah,Mercedes-Benz,E-Class,2021,101915.0,Petrol,Automatic,3.0,2,0,Excellent,White,Dealer,1,0,182000
CR-70411,2026-05-14,Abha,Toyota,Camry,2013,239622.0,Petrol,Automatic,2.0,1,0,Good,Gray,Dealer,0,12,29500
CR-70412,2026-07-23,Abha,Mazda,CX-5,2018,150015.0,Petrol,Automatic,2.0,1,0,Good,White,Private,1,0,45600
CR-70413,2026-07-12,Jeddah,Honda,Accord,2013,221898.0,Petrol,Automatic,2.0,1,0,Fair,Gray,Private,1,12,23400
CR-70414,2026-07-27,Tabuk,Chevrolet,Malibu,2024,43862.0,Petrol,Automatic,2.0,1,0,Excellent,Blue,Private,1,0,62000
CR-70415,2026-05-30,Dammam,Hyundai,Elantra,2018,161759.0,Petrol,Automatic,,2,0,Good,Black,Private,1,0,27400
CR-70416,2026-04-06,Khobar,Hyundai,Sonata,2013,264485.0,Petrol,Automatic,2.5,4,1,Good,Black,Dealer,1,12,18000
CR-70417,2026-04-30,Jeddah,Ford,Explorer,2017,150783.0,Petrol,Automatic,2.3,1,0,Good,White,Dealer,1,12,79600
CR-70418,2026-07-19,Abha,Toyota,Land Cruiser,2012,272904.0,Petrol,Automatic,3.5,3,0,Good,Red,Dealer,1,0,62200
CR-70419,2026-07-11,Khobar,Nissan,Patrol,2018,144846.0,Petrol,Automatic,4.0,2,0,Good,Black,Private,0,0,127400
CR-70420,2026-06-02,Tabuk,Chevrolet,Tahoe,2019,128935.0,Petrol,Automatic,5.3,1,0,Good,Silver,Private,0,12,126400
CR-70421,2026-04-04,Dammam,Kia,Cerato,2013,226738.0,Petrol,Automatic,1.6,1,0,Good,Black,Dealer,1,0,18200
CR-70422,2026-04-04,Madinah,Kia,Cerato,2018,158011.0,Petrol,Automatic,,1,1,Good,Red,Dealer,0,0,26700
CR-70423,2026-04-11,Makkah,Kia,Cerato,2014,240922.0,Petrol,Automatic,2.0,1,0,Excellent,Silver,Private,1,12,18800
CR-70424,2026-06-24,Dammam,GMC,Yukon,2015,215299.0,Petrol,Automatic,5.3,3,0,Good,White,Private,1,12,70700
CR-70425,2026-04-12,Tabuk,Toyota,Land Cruiser,2025,23206.0,Petrol,Automatic,3.5,3,0,Good,White,Private,1,6,285400
CR-70426,2026-05-04,Tabuk,Nissan,Patrol,2024,38652.0,Petrol,Automatic,5.6,1,0,Good,Gray,Dealer,0,0,279300
CR-70427,2026-07-13,Tabuk,Kia,Sportage,2017,,Petrol,Automatic,2.5,3,0,Excellent,White,Dealer,1,12,39100
CR-70428,2026-04-20,Khobar,Nissan,Altima,2014,239027.0,Petrol,Automatic,2.0,2,1,Good,Silver,Dealer,0,12,18000
CR-70429,2026-05-10,Riyadh,Nissan,Altima,2014,215648.0,Petrol,Automatic,2.5,1,0,Fair,White,Private,0,6,18600
CR-70430,2026-06-05,Khobar,Chevrolet,Tahoe,2015,205422.0,Petrol,Automatic,5.3,1,0,Excellent,Silver,Private,1,0,90700
CR-70431,2026-07-25,Makkah,Chevrolet,Malibu,2012,255594.0,Petrol,Automatic,2.0,2,0,Excellent,Silver,Private,0,0,18000
CR-70432,2026-06-03,Dammam,Hyundai,Tucson,2023,,Petrol,Automatic,2.5,1,0,Good,Gray,Dealer,1,0,93000
CR-70433,2026-05-11,Makkah,Kia,Sportage,2015,198344.0,Hybrid,Manual,2.5,1,0,Good,Gray,Dealer,0,6,32400
CR-70434,2026-06-15,Khobar,Honda,Accord,2013,236299.0,Petrol,Automatic,2.0,1,0,Excellent,White,Dealer,1,12,26800
CR-70435,2026-07-23,Makkah,Toyota,Land Cruiser,2013,258513.0,Diesel,Automatic,3.5,1,1,Good,Silver,Dealer,1,0,66500
CR-70436,2026-05-26,Dammam,Nissan,Patrol,2014,225932.0,Petrol,Automatic,4.0,2,0,Fair,Gray,Private,1,0,64200
CR-70437,2026-04-28,Tabuk,GMC,Yukon,2025,10620.0,Petrol,Automatic,6.2,2,0,Good,Gray,Dealer,0,6,276600
CR-70438,2026-05-17,Riyadh,Toyota,Land Cruiser,2016,197376.0,Petrol,Automatic,4.0,2,0,Excellent,Brown,Dealer,1,24,129400
CR-70439,2026-07-08,Dammam,Kia,Sportage,2016,153856.0,Hybrid,Manual,2.0,4,0,Fair,White,Private,1,0,28700
CR-70440,2026-06-18,Dammam,Hyundai,Elantra,2015,218962.0,Petrol,Automatic,1.6,1,0,Good,Silver,Dealer,0,0,19800
CR-70441,2026-05-08,Riyadh,Hyundai,Tucson,2022,68816.0,Petrol,Automatic,2.5,2,0,Good,White,Auction,0,0,64400
CR-70442,2026-07-16,Dammam,Toyota,Hilux,2025,28356.0,Petrol,Automatic,2.4,4,0,Excellent,Red,Dealer,0,12,118900
CR-70443,2026-05-05,Jeddah,Chevrolet,Tahoe,2025,39081.0,Petrol,Automatic,5.3,2,0,Excellent,Silver,Dealer,0,6,267400
CR-70444,2026-07-03,Abha,Toyota,Camry,2012,269423.0,Petrol,Automatic,,1,0,Excellent,Gray,Dealer,1,0,27700
CR-70445,2026-07-11,Madinah,Ford,Explorer,2018,162907.0,Petrol,Automatic,2.3,1,0,Good,Black,Dealer,1,24,81400
CR-70446,2026-07-19,Makkah,Chevrolet,Tahoe,2017,180024.0,Petrol,Automatic,5.3,1,0,Excellent,Gray,Dealer,0,0,117100
CR-70447,2026-05-26,Riyadh,BMW,5 Series,2024,49424.0,Petrol,Automatic,2.0,2,0,Fair,White,Dealer,1,0,210300
CR-70448,2026-06-25,Tabuk,Honda,Civic,2017,179127.0,Hybrid,Automatic,1.5,1,0,Excellent,White,Dealer,0,0,34000
CR-70449,2026-06-17,Madinah,Kia,Sportage,2013,249884.0,Petrol,Automatic,2.5,2,0,Good,White,Auction,1,0,19500
CR-70450,2026-04-16,Jeddah,Hyundai,Tucson,2022,98807.0,Petrol,Automatic,2.0,2,0,Good,Black,Dealer,1,6,71700
CR-70451,2026-07-24,Dammam,Toyota,Land Cruiser,2015,208185.0,Petrol,Automatic,4.0,2,0,Good,Black,Dealer,1,24,103000
CR-70452,2026-06-01,Madinah,Honda,Civic,2017,179709.0,Petrol,Automatic,2.0,2,0,Excellent,Black,Auction,1,0,26800
CR-70453,2026-08-01,Jeddah,Honda,Civic,2017,166937.0,Petrol,Automatic,2.0,1,0,Fair,Blue,Private,1,0,25200
CR-70454,2026-04-06,Riyadh,Mercedes-Benz,E-Class,2021,115903.0,Petrol,Automatic,2.0,1,0,Good,Brown,Dealer,1,0,185800
CR-70455,2026-06-28,Khobar,Mercedes-Benz,E-Class,2025,26309.0,Petrol,Automatic,3.0,4,0,Good,White,Dealer,0,0,247100
CR-70456,2026-07-20,Riyadh,Toyota,Hilux,2017,177607.0,Petrol,Automatic,2.8,1,1,Good,Black,Private,1,0,39400
CR-70457,2026-04-12,Jeddah,Kia,Cerato,2025,26727.0,Petrol,Automatic,2.0,2,0,Good,Gray,Private,1,6,62800
CR-70458,2026-04-19,Jeddah,Hyundai,Elantra,2014,222178.0,Petrol,Automatic,,2,0,Fair,White,Private,1,0,18000
CR-70459,2026-05-08,Jeddah,Toyota,Camry,2012,261210.0,Hybrid,Manual,2.5,1,0,Excellent,White,Dealer,1,0,30200
CR-70460,2026-06-21,Khobar,Hyundai,Sonata,2023,65761.0,Petrol,Automatic,2.0,3,0,Fair,White,Dealer,1,0,60400
CR-70461,2026-07-01,Riyadh,Toyota,Hilux,2020,119947.0,Petrol,Manual,2.8,1,0,Good,Red,Dealer,1,0,74300
CR-70462,2026-05-07,Jeddah,Hyundai,Sonata,2021,90865.0,Petrol,Automatic,2.0,2,0,Good,Brown,Private,1,0,55300
CR-70463,2026-07-15,Jeddah,Nissan,Altima,2013,233647.0,Petrol,Automatic,2.0,1,0,Excellent,White,Private,0,0,19800
CR-70464,2026-07-14,Khobar,Kia,Cerato,2019,144403.0,Petrol,Automatic,1.6,1,0,Fair,White,Dealer,0,0,31800
CR-70465,2026-04-26,Madinah,Honda,Civic,2020,103813.0,Petrol,Automatic,1.5,1,0,Fair,Silver,Dealer,1,0,40400
CR-70466,2026-07-18,Khobar,Hyundai,Elantra,2020,134615.0,Petrol,Automatic,1.6,1,0,Fair,Silver,Private,1,0,31000
CR-70467,2026-05-04,Abha,Chevrolet,Malibu,2012,248613.0,Petrol,Automatic,1.5,1,0,Excellent,White,Private,1,12,18000
CR-70468,2026-07-20,Tabuk,Kia,Sportage,2021,133446.0,Petrol,Automatic,2.0,2,0,Good,Silver,Private,1,12,52800
CR-70469,2026-05-26,Dammam,Hyundai,Elantra,2016,190077.0,Petrol,Automatic,2.0,4,0,Excellent,Blue,Dealer,0,24,20900
CR-70470,2026-05-03,Khobar,Honda,Civic,2019,134283.0,Petrol,Automatic,1.5,1,0,Good,Gray,Private,1,0,39100
CR-70471,2026-04-13,Riyadh,Nissan,Patrol,2020,117213.0,Petrol,Automatic,5.6,1,0,Good,Silver,Dealer,1,0,183800
CR-70472,2026-06-06,Jeddah,Kia,Cerato,2016,185587.0,Petrol,Manual,2.0,3,0,Good,Gray,Auction,1,0,19000
CR-70473,2026-04-30,Madinah,Mercedes-Benz,E-Class,2017,169555.0,Petrol,Automatic,3.0,1,0,Excellent,White,Dealer,0,12,118700
CR-70474,2026-07-20,Jeddah,Honda,Accord,2013,235528.0,Petrol,Automatic,2.0,1,0,Good,White,Private,0,0,24000
CR-70475,2026-05-07,Tabuk,Ford,Explorer,2023,61442.0,Petrol,Automatic,2.3,2,0,Excellent,,Dealer,0,0,153200
CR-70476,2026-05-25,Riyadh,Toyota,Camry,2019,144880.0,Petrol,Automatic,2.0,4,0,Fair,White,Private,0,24,44700
CR-70477,2026-05-19,Riyadh,Honda,Civic,2016,192321.0,Petrol,Automatic,2.0,1,0,Fair,White,Dealer,1,12,24200
CR-70478,2026-04-19,Dammam,Hyundai,Tucson,2018,157553.0,Petrol,Automatic,2.5,1,0,Good,White,Private,1,12,49900
CR-70479,2026-04-30,Jeddah,Ford,Explorer,2015,218468.0,Petrol,Automatic,3.0,4,0,Excellent,Black,Auction,1,0,42800
CR-70480,2026-05-05,Makkah,Nissan,Patrol,2023,47568.0,Diesel,Automatic,4.0,3,0,Good,Silver,Dealer,0,0,225600
CR-70481,2026-08-01,Madinah,Nissan,Altima,2020,122182.0,Hybrid,Automatic,2.0,1,0,Fair,White,Auction,1,0,40300
CR-70482,2026-06-11,Makkah,Nissan,Patrol,2024,31892.0,Petrol,Automatic,5.6,1,0,Good,White,Dealer,1,6,277700
CR-70483,2026-05-16,Jeddah,Toyota,Corolla,2025,1422.0,Petrol,Automatic,1.6,1,0,Good,Red,Private,1,0,81000
CR-70484,2026-06-10,Tabuk,Toyota,Corolla,2017,166010.0,Hybrid,Automatic,1.6,2,0,Good,Red,Dealer,1,24,33700
CR-70485,2026-06-19,Jeddah,Kia,Sportage,2019,146267.0,Petrol,Automatic,2.5,2,0,Excellent,Gray,Private,1,0,50000
CR-70486,2026-04-24,Dammam,Hyundai,Tucson,2023,57240.0,Petrol,Automatic,2.0,3,0,Good,Black,Dealer,1,6,80600
CR-70487,2026-05-30,Riyadh,Toyota,Land Cruiser,2021,88510.0,Petrol,Automatic,4.0,1,0,Good,Black,Dealer,1,24,253600
CR-70488,2026-07-01,Riyadh,Chevrolet,Tahoe,2022,61178.0,Petrol,Automatic,6.2,3,1,Excellent,Silver,Private,1,0,157300
CR-70489,2026-05-26,Tabuk,Mercedes-Benz,E-Class,2025,21790.0,Petrol,Automatic,3.0,1,0,Good,Silver,Private,1,0,269100
CR-70490,2026-05-28,Tabuk,Honda,Civic,2013,,Petrol,Automatic,2.0,1,0,Fair,White,Private,1,0,18000
CR-70491,2026-06-14,Khobar,Honda,Accord,2014,218999.0,Petrol,Automatic,1.5,2,0,Fair,White,Dealer,1,12,25400
CR-70492,2026-04-30,Madinah,Hyundai,Tucson,2015,190199.0,Petrol,Automatic,1.6,1,0,Good,White,Dealer,1,0,35000
CR-70493,2026-04-20,Tabuk,Nissan,Patrol,2023,,Petrol,Automatic,5.6,2,0,Good,Gray,Private,1,0,202400
CR-70494,2026-04-23,Dammam,Kia,Sportage,2013,229612.0,Hybrid,Automatic,1.6,2,0,Excellent,Silver,Dealer,1,0,29800
CR-70495,2026-05-10,Dammam,Kia,Sportage,2016,176220.0,Petrol,Automatic,2.5,3,0,Excellent,Gray,Dealer,0,0,37600
CR-70496,2026-06-16,Tabuk,Mercedes-Benz,E-Class,2023,59490.0,Petrol,Automatic,2.0,2,0,Excellent,Gray,Dealer,1,0,224000
CR-70497,2026-06-26,Madinah,Ford,Explorer,2021,,Petrol,Automatic,3.0,1,0,Fair,Red,Dealer,0,0,109000
CR-70498,2026-05-06,Tabuk,Nissan,Altima,2022,86556.0,Petrol,Automatic,2.5,1,0,Good,White,Dealer,1,0,57500
CR-70499,2026-04-20,Madinah,Mazda,CX-5,2012,261464.0,Hybrid,Manual,2.5,1,0,Excellent,Silver,Dealer,1,12,26200
CR-70500,2026-07-12,Abha,Honda,Civic,2019,164433.0,Petrol,Automatic,1.5,2,0,Fair,White,Dealer,1,0,31100
CR-70501,2026-05-26,Abha,Honda,Accord,2014,225907.0,Petrol,Automatic,1.5,1,0,Fair,White,Private,0,6,22200
CR-70502,2026-07-11,Khobar,Hyundai,Tucson,2020,107146.0,Hybrid,Automatic,1.6,2,0,Excellent,,Dealer,0,12,73400
CR-70503,2026-06-24,Riyadh,Nissan,Patrol,2020,88360.0,Petrol,Automatic,5.6,1,0,Excellent,White,Private,1,0,189100
CR-70504,2026-07-10,Tabuk,Chevrolet,Malibu,2025,13566.0,Petrol,Automatic,1.5,4,0,Excellent,Gray,Private,1,12,65800
CR-70505,2026-05-14,Dammam,BMW,5 Series,2014,237537.0,Petrol,Automatic,3.0,2,0,Good,White,Private,1,0,61700
CR-70506,2026-07-26,Abha,Hyundai,Sonata,2022,65024.0,Petrol,Automatic,2.0,2,0,Good,Black,Private,1,6,61900
CR-70507,2026-06-03,Abha,Toyota,Corolla,2021,104546.0,Petrol,Automatic,1.6,1,0,Good,Silver,Dealer,1,0,52500
CR-70508,2026-06-05,Makkah,Toyota,Hilux,2013,229021.0,Diesel,Automatic,2.8,1,0,Good,White,Dealer,1,0,31700
CR-70509,2026-04-14,Abha,Toyota,Camry,2017,184173.0,Petrol,Automatic,2.5,1,0,Excellent,Brown,Private,1,12,45300
CR-70510,2026-07-04,Dammam,Mercedes-Benz,E-Class,2020,103565.0,Hybrid,Automatic,3.0,1,1,Excellent,Blue,Private,0,24,150600
CR-70511,2026-04-14,Makkah,Nissan,Altima,2022,85396.0,Petrol,Automatic,2.5,3,0,Good,Silver,Dealer,0,6,50800
CR-70512,2026-05-25,Tabuk,Kia,Cerato,2016,186395.0,Petrol,Automatic,2.0,2,0,Good,Red,Private,0,0,21300
CR-70513,2026-06-20,Abha,Toyota,Hilux,2020,109455.0,Petrol,Automatic,2.8,3,0,Good,White,Private,1,6,66700
CR-70514,2026-06-12,Dammam,Mercedes-Benz,E-Class,2022,67069.0,Petrol,Automatic,3.0,1,0,Fair,White,Private,1,0,184500
CR-70515,2026-04-17,Abha,Toyota,Camry,2018,147893.0,Hybrid,Manual,2.0,1,0,Good,Silver,Private,1,12,53300
CR-70516,2026-04-05,Madinah,Nissan,Altima,2016,171239.0,Petrol,Automatic,2.5,1,0,Excellent,Black,Dealer,1,24,33000
CR-70517,2026-07-05,Khobar,Chevrolet,Malibu,2014,226858.0,Petrol,Automatic,2.0,3,0,Good,Silver,Dealer,0,0,18000
CR-70518,2026-04-12,Riyadh,Hyundai,Elantra,2023,77611.0,Petrol,Automatic,1.6,1,0,Good,Black,Private,1,0,50000
CR-70519,2026-07-01,Khobar,Toyota,Corolla,2017,170248.0,Petrol,Manual,1.6,3,0,Good,Red,Dealer,1,0,28800
CR-70520,2026-05-10,Tabuk,Mazda,CX-5,2018,138022.0,Petrol,Automatic,2.5,1,0,Good,Silver,Private,1,0,48900
CR-70521,2026-05-16,Makkah,Mazda,CX-5,2020,111528.0,Hybrid,Automatic,2.5,2,0,Good,White,Dealer,1,0,65100
CR-70522,2026-06-30,Khobar,GMC,Yukon,2025,7578.0,Diesel,Automatic,6.2,3,0,Good,Gray,Dealer,1,0,264700
CR-70523,2026-06-22,Riyadh,Toyota,Hilux,2017,172788.0,Petrol,Manual,2.4,2,0,Excellent,Black,Private,0,0,45800
CR-70524,2026-04-23,Dammam,Mazda,CX-5,2021,103817.0,Hybrid,Automatic,2.5,2,0,Good,Blue,Dealer,1,0,77600
CR-70525,2026-07-19,Khobar,Kia,Cerato,2025,,Petrol,Automatic,1.6,1,0,Excellent,Gray,Dealer,1,6,85600
CR-70526,2026-04-05,Riyadh,Nissan,Patrol,2015,220657.0,Petrol,Automatic,4.0,1,0,Good,Red,Private,0,0,80100
CR-70527,2026-05-21,Khobar,Honda,Civic,2018,168503.0,Petrol,Automatic,1.5,2,0,Excellent,White,Dealer,0,0,33200
CR-70528,2026-06-29,Dammam,Mazda,CX-5,2017,153326.0,Hybrid,Manual,2.0,3,0,Excellent,White,Dealer,1,0,47400
CR-70529,2026-05-28,Abha,GMC,Yukon,2021,,Petrol,Automatic,5.3,2,0,Excellent,White,Dealer,1,6,188800
CR-70530,2026-04-29,Abha,BMW,5 Series,2019,134116.0,Diesel,Automatic,2.0,1,1,Good,Brown,Dealer,1,6,108700
CR-70531,2026-07-16,Jeddah,BMW,5 Series,2023,76299.0,Petrol,Automatic,3.0,2,0,Good,Silver,Dealer,1,24,198800
CR-70532,2026-04-20,Dammam,Nissan,Patrol,2020,111081.0,Petrol,Automatic,4.0,1,0,Excellent,Black,Private,1,6,170700
CR-70533,2026-06-28,Makkah,Honda,Accord,2024,40511.0,Petrol,Automatic,1.5,1,1,Good,White,Private,0,0,76300
CR-70534,2026-06-23,Riyadh,Hyundai,Tucson,2025,30250.0,Petrol,Automatic,2.5,2,0,Excellent,Silver,Auction,1,6,93600
CR-70535,2026-06-06,Abha,Toyota,Land Cruiser,2017,186696.0,Petrol,Automatic,3.5,2,0,Good,White,Dealer,1,12,121800
CR-70536,2026-07-25,Madinah,Honda,Accord,2022,72302.0,Petrol,Automatic,1.5,2,0,Good,Black,Dealer,0,0,72200
CR-70537,2026-07-04,Tabuk,Mercedes-Benz,E-Class,2021,91955.0,Petrol,Automatic,2.0,1,0,Good,White,Auction,1,0,160000
CR-70538,2026-04-19,Khobar,Nissan,Altima,2023,49133.0,Petrol,Automatic,2.0,2,0,Good,Red,Dealer,1,24,71700
CR-70539,2026-07-24,Abha,Toyota,Camry,2025,,Diesel,Automatic,2.0,2,0,Good,White,Dealer,1,0,116000
CR-70540,2026-07-23,Makkah,Toyota,Camry,2025,28877.0,Hybrid,Automatic,,3,0,Good,Black,Private,1,0,111100
CR-70541,2026-06-15,Khobar,Nissan,Altima,2012,264676.0,Petrol,Automatic,2.5,1,0,Fair,White,Dealer,1,0,18000
CR-70542,2026-07-01,Dammam,Hyundai,Tucson,2020,94697.0,Petrol,Automatic,1.6,1,0,Good,Brown,Private,1,6,63700
CR-70543,2026-06-12,Dammam,Ford,Explorer,2017,151970.0,Petrol,Automatic,3.0,3,0,Excellent,White,Dealer,1,0,78300
CR-70544,2026-07-08,Riyadh,Kia,Cerato,2012,262072.0,Petrol,Manual,1.6,1,1,Good,Silver,Dealer,1,0,18000
CR-70545,2026-05-04,Makkah,Honda,Civic,2017,158925.0,Petrol,Automatic,1.5,2,0,Good,White,Dealer,1,0,32200
CR-70546,2026-07-21,Riyadh,Chevrolet,Tahoe,2024,54097.0,Petrol,Automatic,5.3,1,0,Excellent,,Private,0,24,246900
CR-70547,2026-06-04,Riyadh,Honda,Civic,2016,190505.0,Diesel,Automatic,,1,0,Good,Black,Dealer,0,12,27300
CR-70548,2026-04-29,Riyadh,Toyota,Land Cruiser,2014,237461.0,Petrol,Automatic,3.5,2,0,Excellent,Blue,Dealer,1,0,93800
CR-70549,2026-06-04,Dammam,BMW,5 Series,2023,51549.0,Petrol,Automatic,2.0,1,1,Good,Brown,Private,1,0,159700
CR-70550,2026-04-06,Madinah,Kia,Sportage,2020,129442.0,Hybrid,Automatic,1.6,3,0,Fair,White,Dealer,1,0,46000
CR-70551,2026-04-08,Makkah,Nissan,Patrol,2018,140074.0,Hybrid,Automatic,4.0,1,0,Good,Black,Private,1,0,153500
CR-70552,2026-07-04,Madinah,Mercedes-Benz,E-Class,2025,27974.0,Petrol,Automatic,3.0,1,1,Excellent,Gray,Private,1,6,230400
CR-70553,2026-06-04,Jeddah,Kia,Sportage,2012,269860.0,Petrol,Automatic,1.6,1,0,Good,Black,Private,0,0,20000
CR-70554,2026-05-25,Khobar,Chevrolet,Malibu,2022,90658.0,Petrol,Automatic,2.0,2,0,Good,Blue,Dealer,1,0,53900
CR-70555,2026-05-29,Madinah,Toyota,Corolla,2016,191945.0,Petrol,Automatic,2.0,1,0,Good,Gray,Private,0,12,25500
CR-70556,2026-04-30,Khobar,Chevrolet,Malibu,2016,199064.0,Petrol,Automatic,1.5,2,0,Excellent,Blue,Private,0,24,24500
CR-70557,2026-04-18,Riyadh,Kia,Cerato,2012,262582.0,Petrol,Automatic,2.0,2,0,Good,White,Private,1,0,18000
CR-70558,2026-04-20,Makkah,Chevrolet,Malibu,2012,268757.0,Petrol,Automatic,2.0,1,0,Good,Blue,Dealer,1,6,18000
CR-70559,2026-04-11,Dammam,Nissan,Altima,2024,59617.0,Petrol,Automatic,2.0,2,0,Excellent,Silver,Dealer,1,24,75600
CR-70560,2026-04-19,Dammam,Nissan,Altima,2015,,Petrol,Automatic,2.0,4,0,Good,Gray,Dealer,1,0,21400
CR-70561,2026-04-26,Dammam,Mazda,CX-5,2017,163094.0,Petrol,Manual,2.5,2,0,Good,White,Private,1,0,36100
CR-70562,2026-04-11,Tabuk,Kia,Cerato,2017,171948.0,Petrol,Automatic,1.6,1,0,Fair,Black,Dealer,1,12,26100
CR-70563,2026-05-26,Khobar,Mercedes-Benz,E-Class,2025,8645.0,Hybrid,Automatic,3.0,3,0,Excellent,White,Dealer,1,24,330700
CR-70564,2026-04-28,Khobar,Toyota,Camry,2022,73336.0,Hybrid,Automatic,2.5,4,1,Good,White,Dealer,1,0,68600
CR-70565,2026-06-01,Madinah,Mercedes-Benz,E-Class,2018,181931.0,Petrol,Automatic,3.0,2,0,Fair,Silver,Dealer,1,0,94000
CR-70566,2026-07-27,Riyadh,Chevrolet,Malibu,2018,163855.0,Petrol,Manual,1.5,2,0,Good,Gray,Dealer,1,24,28900
CR-70567,2026-05-28,Riyadh,Toyota,Corolla,2021,97170.0,Petrol,Automatic,1.8,2,0,Excellent,Gray,Dealer,0,0,51000
CR-70568,2026-07-04,Riyadh,Chevrolet,Malibu,2023,53097.0,Petrol,Automatic,1.5,1,0,Fair,White,Private,1,12,53400
CR-70569,2026-06-27,Riyadh,Chevrolet,Tahoe,2019,128498.0,Petrol,Automatic,6.2,2,0,Good,Gray,Dealer,0,12,146700
CR-70570,2026-06-18,Riyadh,Chevrolet,Tahoe,2020,103954.0,Petrol,Automatic,5.3,4,1,Excellent,Black,Private,1,0,120100
CR-70571,2026-04-25,Tabuk,Nissan,Altima,2017,168067.0,Petrol,Automatic,2.5,3,0,Good,Black,Dealer,0,6,30200
CR-70572,2026-05-25,Riyadh,Hyundai,Tucson,2013,263686.0,Petrol,Automatic,2.5,1,0,Excellent,Black,Dealer,1,6,29200
CR-70573,2026-07-27,Tabuk,Hyundai,Tucson,2017,156830.0,Petrol,Automatic,2.0,1,1,Good,White,Dealer,1,0,38400
CR-70574,2026-06-08,Riyadh,Chevrolet,Tahoe,2019,140126.0,Petrol,Automatic,5.3,3,1,Excellent,White,Dealer,1,0,110200
CR-70575,2026-07-13,Madinah,Kia,Sportage,2014,234469.0,Petrol,Automatic,2.0,1,0,Excellent,Brown,Private,0,6,26600
CR-70576,2026-05-16,Riyadh,Hyundai,Elantra,2023,50623.0,Petrol,Automatic,1.6,1,0,Good,White,Private,1,0,54500
CR-70577,2026-06-11,Abha,Mercedes-Benz,E-Class,2025,39414.0,Petrol,Automatic,3.0,1,0,Good,Silver,Private,1,6,258100
CR-70578,2026-04-21,Dammam,Chevrolet,Malibu,2014,238600.0,Petrol,Automatic,2.0,2,1,Excellent,Black,Dealer,1,0,18000
CR-70579,2026-06-15,Khobar,Honda,Accord,2025,31354.0,Hybrid,Automatic,1.5,1,0,Good,White,Auction,1,12,103600
CR-70580,2026-04-17,Abha,Ford,Explorer,2022,80240.0,Petrol,Automatic,3.0,2,0,Good,Silver,Dealer,1,6,137100
CR-70581,2026-07-08,Riyadh,Toyota,Corolla,2022,100219.0,Hybrid,Automatic,2.0,2,0,Good,Black,Dealer,0,6,61100
CR-70582,2026-04-17,Jeddah,Honda,Accord,2025,30251.0,Hybrid,Automatic,2.0,1,0,Excellent,Silver,Dealer,1,12,131500
CR-70583,2026-07-15,Madinah,GMC,Yukon,2012,237136.0,Petrol,Automatic,5.3,1,0,Good,Gray,Dealer,0,0,61400
CR-70584,2026-07-01,Madinah,Nissan,Patrol,2012,238701.0,Petrol,Automatic,4.0,3,0,Fair,Gray,Dealer,0,0,49500
CR-70585,2026-05-22,Jeddah,Honda,Civic,2024,41773.0,Petrol,Automatic,2.0,1,0,Excellent,Silver,Private,1,12,75800
CR-70586,2026-07-01,Riyadh,Chevrolet,Tahoe,2013,229534.0,Petrol,Manual,5.3,1,0,Good,Black,Dealer,1,24,69400
CR-70587,2026-05-26,Khobar,Honda,Accord,2024,58754.0,Petrol,Automatic,2.0,2,1,Good,Gray,Private,1,0,66700
CR-70588,2026-05-04,Jeddah,Hyundai,Elantra,2012,265286.0,Petrol,Automatic,2.0,1,0,Fair,White,Dealer,1,0,18000
CR-70589,2026-07-18,Abha,Hyundai,Sonata,2023,75428.0,Petrol,Automatic,2.0,1,1,Excellent,Gray,Dealer,1,0,62000
CR-70590,2026-06-19,Madinah,GMC,Yukon,2013,240606.0,Petrol,Automatic,6.2,1,0,Good,Blue,Auction,1,24,58200
CR-70591,2026-04-18,Dammam,Honda,Civic,2012,261143.0,Petrol,Automatic,2.0,1,0,Good,Gray,Dealer,1,0,18000
CR-70592,2026-04-23,Makkah,GMC,Yukon,2014,,Petrol,Automatic,6.2,1,0,Excellent,Black,Private,1,0,72900
CR-70593,2026-06-20,Dammam,Hyundai,Elantra,2022,70525.0,Petrol,Automatic,2.0,1,0,Good,Gray,Dealer,1,0,52900
CR-70594,2026-05-04,Makkah,Ford,Explorer,2021,108584.0,Petrol,Automatic,3.0,1,0,Good,Silver,Private,1,0,115700
CR-70595,2026-06-18,Makkah,Kia,Cerato,2020,122291.0,Hybrid,Automatic,1.6,1,0,Good,White,Dealer,0,6,43500
CR-70596,2026-07-13,Makkah,BMW,5 Series,2017,155654.0,Petrol,Automatic,2.0,1,1,Good,Black,Dealer,1,6,91900
CR-70597,2026-07-13,Jeddah,Honda,Accord,2018,151918.0,Petrol,Automatic,2.0,2,0,Excellent,White,Private,1,12,49400
CR-70598,2026-06-10,Riyadh,Kia,Sportage,2019,146765.0,Petrol,Automatic,2.5,3,0,Fair,White,Dealer,1,0,43800
CR-70599,2026-06-13,Riyadh,Mazda,CX-5,2022,71261.0,Petrol,Automatic,2.5,1,0,Excellent,Silver,Private,1,0,83800
CR-70600,2026-04-29,Dammam,Honda,Civic,2012,234829.0,Petrol,Automatic,2.0,1,1,Good,White,Auction,1,12,18000
CR-70601,2026-06-11,Abha,Toyota,Land Cruiser,2014,195095.0,Petrol,Automatic,4.0,1,0,Good,Gray,Auction,0,12,83700
CR-70602,2026-06-06,Dammam,Hyundai,Tucson,2016,,Hybrid,Automatic,2.5,2,0,Fair,White,Private,1,0,34800
CR-70603,2026-06-12,Jeddah,Hyundai,Sonata,2017,171291.0,Petrol,Automatic,2.5,3,0,Good,Silver,Dealer,0,0,31900
CR-70604,2026-05-21,Tabuk,Toyota,Hilux,2017,162302.0,Petrol,Automatic,2.8,1,0,Good,Gray,Dealer,1,12,52700
CR-70605,2026-06-29,Makkah,Chevrolet,Tahoe,2012,268021.0,Diesel,Automatic,5.3,2,0,Excellent,Blue,Dealer,1,0,56500
CR-70606,2026-05-27,Makkah,Toyota,Corolla,2015,207788.0,Petrol,Automatic,1.8,2,1,Good,Black,Private,0,0,18600
CR-70607,2026-04-30,Abha,Toyota,Hilux,2012,258024.0,Petrol,Automatic,2.4,2,0,Excellent,White,Dealer,1,0,28500
CR-70608,2026-07-13,Khobar,Kia,Sportage,2024,55742.0,Hybrid,Automatic,1.6,1,0,Fair,Red,Private,0,6,79800
CR-70609,2026-04-15,Tabuk,Hyundai,Elantra,2014,216388.0,Petrol,Automatic,2.0,1,0,Fair,White,Private,0,0,18000
CR-70610,2026-05-02,Makkah,Kia,Cerato,2012,275148.0,Petrol,Automatic,2.0,3,0,Good,Silver,Auction,1,12,18000
CR-70611,2026-05-26,Tabuk,Ford,Explorer,2019,131400.0,Petrol,Automatic,2.3,2,0,Good,Silver,Private,0,0,84200
CR-70612,2026-06-06,Khobar,Honda,Accord,2022,72591.0,Hybrid,Automatic,1.5,3,0,Excellent,White,Private,0,12,73500
CR-70613,2026-04-19,Tabuk,Toyota,Land Cruiser,2013,275724.0,Petrol,Automatic,4.0,1,0,Excellent,Black,Dealer,1,12,82300
CR-70614,2026-04-09,Riyadh,Chevrolet,Malibu,2017,165619.0,Petrol,Automatic,1.5,1,0,Good,White,Private,0,24,28300
CR-70615,2026-06-07,Tabuk,Hyundai,Sonata,2017,175615.0,Petrol,Automatic,2.0,2,0,Good,Silver,Private,0,0,28100
CR-70616,2026-06-08,Madinah,Honda,Civic,2022,93481.0,Petrol,Automatic,1.5,2,0,Excellent,Silver,Private,1,0,49500
CR-70617,2026-05-09,Riyadh,Kia,Sportage,2021,106388.0,Hybrid,Automatic,2.5,2,0,Excellent,Black,Private,1,12,68500
CR-70618,2026-06-18,Tabuk,Nissan,Altima,2020,128791.0,Petrol,Automatic,2.0,1,0,Fair,Blue,Auction,1,6,34400
CR-70619,2026-08-01,Khobar,Kia,Cerato,2023,44973.0,Petrol,Automatic,2.0,1,0,Excellent,Black,Private,1,6,62800
CR-70620,2026-08-01,Madinah,Ford,Explorer,2013,240316.0,Petrol,Automatic,2.3,2,0,Good,Black,Private,1,6,38200
CR-70621,2026-06-25,Makkah,Hyundai,Elantra,2013,256948.0,Petrol,Automatic,1.6,2,0,Good,White,Private,1,6,18000
CR-70622,2026-07-03,,Chevrolet,Malibu,2018,148828.0,Petrol,Automatic,1.5,1,0,Good,Black,Private,0,0,32600
CR-70623,2026-06-03,Dammam,Toyota,Camry,2024,37388.0,Hybrid,Manual,2.0,2,0,Good,Black,Dealer,0,0,109000
CR-70624,2026-07-14,Tabuk,Toyota,Camry,2012,,Hybrid,Automatic,2.5,2,1,Good,Gray,Dealer,0,24,21200
CR-70625,2026-04-26,Jeddah,Kia,Sportage,2019,146040.0,Petrol,Automatic,2.5,2,0,Excellent,Black,Dealer,1,0,51100
CR-70626,2026-04-28,Madinah,Chevrolet,Malibu,2024,47084.0,Petrol,Automatic,2.0,2,0,Excellent,Black,Private,0,0,59000
CR-70627,2026-05-23,Tabuk,Nissan,Patrol,2019,150726.0,Petrol,Automatic,5.6,3,0,Good,Silver,Private,1,0,129000
CR-70628,2026-05-27,Riyadh,Chevrolet,Tahoe,2024,51007.0,Petrol,Automatic,5.3,2,0,Excellent,White,Dealer,1,6,268100
CR-70629,2026-06-01,Madinah,Toyota,Camry,2020,122073.0,Diesel,Automatic,2.5,2,0,Good,White,Dealer,0,0,60000
CR-70630,2026-07-14,Jeddah,Kia,Sportage,2014,230961.0,Petrol,Automatic,2.0,3,0,Good,Gray,Private,1,0,23800
CR-70631,2026-07-04,Jeddah,Mazda,CX-5,2013,,Petrol,Automatic,2.5,1,0,Excellent,White,Private,1,0,24900
CR-70632,2026-07-02,Riyadh,Mazda,CX-5,2018,137236.0,Petrol,Automatic,2.0,1,0,Good,Brown,Dealer,0,12,54200
CR-70633,2026-04-04,Makkah,Toyota,Hilux,2021,77000.0,Petrol,Automatic,2.8,1,0,Good,White,Auction,0,6,73700
CR-70634,2026-07-27,Riyadh,Kia,Cerato,2016,195975.0,Petrol,Automatic,,3,0,Excellent,White,Private,1,0,22000
CR-70635,2026-05-31,Madinah,Honda,Civic,2014,226154.0,Hybrid,Automatic,2.0,4,0,Fair,Blue,Private,1,6,18000
CR-70636,2026-07-31,Tabuk,Chevrolet,Malibu,2012,247138.0,Petrol,Manual,1.5,1,1,Excellent,,Dealer,1,6,18000
CR-70637,2026-04-11,Abha,Ford,Explorer,2018,156236.0,Petrol,Automatic,3.0,1,0,Excellent,Silver,Dealer,1,0,91900
CR-70638,2026-04-14,Abha,Chevrolet,Tahoe,2013,241436.0,Petrol,Manual,6.2,2,0,Excellent,Red,Private,0,0,56800
CR-70639,2026-04-17,Jeddah,Hyundai,Sonata,2013,,Petrol,Automatic,2.5,3,0,Good,Black,Private,1,24,18000
CR-70640,2026-07-03,Khobar,Hyundai,Elantra,2019,124430.0,Petrol,Manual,2.0,1,0,Good,White,Dealer,1,0,32900
CR-70641,2026-05-04,Jeddah,Chevrolet,Malibu,2024,47951.0,Petrol,Automatic,2.0,1,0,Excellent,White,Private,0,0,69200
CR-70642,2026-07-14,Dammam,Toyota,Land Cruiser,2015,204368.0,Petrol,Automatic,3.5,1,1,Excellent,Black,Dealer,0,0,95200
CR-70643,2026-04-19,Tabuk,Mazda,CX-5,2019,150295.0,Petrol,Manual,2.0,4,1,Good,White,Private,0,12,30100
CR-70644,2026-05-22,Makkah,Nissan,Patrol,2015,209420.0,Hybrid,Automatic,4.0,2,0,Good,Silver,Auction,1,0,84200
CR-70645,2026-05-16,Makkah,Chevrolet,Tahoe,2021,109703.0,Petrol,Automatic,5.3,1,0,Excellent,Gray,Private,1,6,181500
CR-70646,2026-06-08,Jeddah,BMW,5 Series,2025,44398.0,Petrol,Automatic,3.0,1,0,Excellent,White,Private,1,6,253700
CR-70647,2026-07-27,Madinah,Nissan,Altima,2022,77908.0,Petrol,Automatic,2.0,1,0,Good,Black,Auction,1,24,55400
CR-70648,2026-06-09,Jeddah,Toyota,Camry,2017,168735.0,Hybrid,Automatic,2.0,1,0,Good,Silver,Dealer,0,0,56500
CR-70649,2026-05-30,Jeddah,Kia,Cerato,2017,164634.0,Petrol,Automatic,1.6,2,0,Excellent,White,Dealer,1,24,32900
CR-70650,2026-05-29,Riyadh,Hyundai,Elantra,2019,135921.0,Petrol,Automatic,1.6,4,0,Excellent,Black,Private,1,0,29400
CR-70651,2026-05-23,Dammam,Hyundai,Elantra,2022,71857.0,Petrol,Automatic,2.0,1,0,Excellent,Black,Dealer,1,12,55700
CR-70652,2026-07-12,Khobar,Honda,Accord,2022,84746.0,Hybrid,Automatic,2.0,2,0,Excellent,Blue,Private,1,6,77000
CR-70653,2026-07-10,Riyadh,Hyundai,Tucson,2018,157060.0,Petrol,Automatic,2.5,2,0,Good,White,Private,1,12,43200
CR-70654,2026-07-08,Abha,Chevrolet,Malibu,2025,18374.0,Petrol,Automatic,2.0,1,0,Excellent,Black,Private,1,6,77800
CR-70655,2026-06-24,Dammam,Toyota,Hilux,2023,,Petrol,Automatic,2.4,1,0,Good,White,Dealer,1,12,109800
CR-70656,2026-07-19,Riyadh,Hyundai,Sonata,2016,163690.0,Petrol,Automatic,2.0,2,0,Excellent,Blue,Dealer,1,6,35000
CR-70657,2026-05-02,Khobar,Mercedes-Benz,E-Class,2024,32897.0,Petrol,Automatic,2.0,2,0,Excellent,Blue,Private,0,12,249000
CR-70658,2026-04-26,Madinah,Hyundai,Tucson,2023,66041.0,Petrol,Manual,1.6,1,0,Good,Silver,Dealer,1,24,83200
CR-70659,2026-04-10,Khobar,Nissan,Altima,2013,235748.0,Diesel,Manual,2.5,3,0,Good,White,Private,1,0,18000
CR-70660,2026-07-04,Riyadh,Kia,Cerato,2015,205042.0,Petrol,Automatic,1.6,1,0,Good,Gray,Private,0,0,20200
CR-70661,2026-06-29,Riyadh,Chevrolet,Tahoe,2022,69553.0,Petrol,Automatic,5.3,1,0,Good,Silver,Private,1,24,214200
CR-70662,2026-05-27,Madinah,Chevrolet,Malibu,2016,182305.0,Petrol,Automatic,1.5,2,0,Excellent,White,Private,0,0,24300
CR-70663,2026-07-14,Dammam,Mazda,CX-5,2012,283321.0,Petrol,Automatic,2.5,1,0,Fair,Silver,Private,1,12,19400
CR-70664,2026-07-12,Abha,Nissan,Patrol,2018,175040.0,Diesel,Automatic,4.0,2,1,Excellent,,Dealer,1,0,106100
CR-70665,2026-04-26,Tabuk,BMW,5 Series,2025,18598.0,Petrol,Automatic,3.0,1,0,Excellent,Gray,Dealer,0,0,260600
CR-70666,2026-05-19,Dammam,Toyota,Land Cruiser,2024,35202.0,Petrol,Automatic,3.5,1,0,Good,White,Dealer,0,12,303900
CR-70667,2026-05-29,Dammam,Nissan,Altima,2017,175333.0,Petrol,Manual,2.0,2,0,Good,Red,Private,1,0,28900
CR-70668,2026-07-12,Abha,Honda,Civic,2019,135689.0,Petrol,Automatic,1.5,2,0,Good,Black,Private,0,24,32100
CR-70669,2026-06-02,Jeddah,Kia,Sportage,2022,73594.0,Hybrid,Automatic,2.0,1,0,Good,White,Dealer,0,6,85700
CR-70670,2026-06-29,Abha,Toyota,Camry,2017,175594.0,Petrol,Automatic,2.0,1,0,Fair,Gray,Private,1,12,38900
CR-70671,2026-06-08,Makkah,Hyundai,Tucson,2013,243673.0,Petrol,Automatic,2.0,3,0,Good,White,Dealer,0,12,23300
CR-70672,2026-06-30,Abha,Toyota,Hilux,2021,91794.0,Petrol,Manual,2.4,2,1,Excellent,Black,Dealer,1,12,65500
CR-70673,2026-06-06,Jeddah,Mazda,CX-5,2024,52508.0,Petrol,Automatic,2.5,3,0,Excellent,Black,Dealer,1,12,98300
CR-70674,2026-06-24,Abha,Mazda,CX-5,2019,128209.0,Petrol,Automatic,2.5,2,0,Fair,Silver,Dealer,1,0,49600
CR-70675,2026-05-25,Tabuk,Honda,Civic,2015,190130.0,Petrol,Automatic,2.0,2,0,Excellent,Silver,Dealer,0,0,23000
CR-70676,2026-04-28,Makkah,Mazda,CX-5,2017,174537.0,Petrol,Automatic,2.5,1,0,Good,Black,Dealer,1,0,44300
CR-70677,2026-06-02,Madinah,Chevrolet,Malibu,2024,30619.0,Petrol,Automatic,1.5,2,0,Good,,Dealer,1,0,64200
CR-70678,2026-06-19,Khobar,Nissan,Altima,2015,200258.0,Petrol,Automatic,2.0,2,0,Good,Gray,Private,1,0,22800
CR-70679,2026-07-09,Dammam,Hyundai,Tucson,2015,201729.0,Petrol,Automatic,2.5,4,0,Excellent,Red,Auction,1,24,29400
CR-70680,2026-05-19,Tabuk,Hyundai,Elantra,2023,49537.0,Petrol,Automatic,2.0,1,0,Fair,White,Dealer,1,12,48900
CR-70681,2026-07-04,Madinah,Kia,Cerato,2025,17719.0,Petrol,Automatic,1.6,3,0,Excellent,White,Dealer,1,6,73900
CR-70682,2026-05-02,Khobar,Chevrolet,Tahoe,2022,87151.0,Petrol,Automatic,5.3,2,0,Good,Gray,Private,0,12,184300
CR-70683,2026-07-06,Jeddah,Honda,Accord,2018,147172.0,Petrol,Automatic,1.5,1,0,Excellent,Black,Dealer,1,0,53600
CR-70684,2026-04-23,Jeddah,Honda,Accord,2015,192534.0,Petrol,Automatic,2.0,2,0,Good,Black,Dealer,1,0,32300
CR-70685,2026-05-14,Tabuk,Mazda,CX-5,2023,53889.0,Petrol,Manual,2.5,1,0,Good,Silver,Dealer,1,0,85700
CR-70686,2026-07-27,Dammam,Mercedes-Benz,E-Class,2014,226088.0,Petrol,Manual,3.0,1,0,Excellent,Gray,Dealer,0,24,74000
CR-70687,2026-06-28,Tabuk,Ford,Explorer,2012,271484.0,Petrol,Manual,3.0,1,1,Fair,,Dealer,1,0,26400
CR-70688,2026-05-01,Riyadh,Ford,Explorer,2025,15248.0,Petrol,Manual,3.0,2,0,Excellent,Blue,Private,0,0,163200
CR-70689,2026-05-13,Jeddah,Toyota,Land Cruiser,2012,256507.0,Petrol,Automatic,4.0,2,0,Fair,Black,Dealer,0,0,64600
CR-70690,2026-07-11,Madinah,Chevrolet,Malibu,2014,223261.0,Petrol,Automatic,1.5,1,0,Fair,Blue,Dealer,1,6,18000
CR-70691,2026-06-16,Jeddah,Toyota,Hilux,2012,251146.0,Petrol,Automatic,2.4,1,0,Good,White,Dealer,0,0,28200
CR-70692,2026-05-29,Khobar,Toyota,Land Cruiser,2024,43391.0,Petrol,Automatic,3.5,1,0,Good,Black,Dealer,1,0,319500
CR-70693,2026-04-09,Khobar,Honda,Accord,2014,233593.0,Petrol,Automatic,2.0,3,1,Good,Blue,Auction,1,0,18200
CR-70694,2026-06-19,Riyadh,Hyundai,Tucson,2024,57714.0,Petrol,Automatic,1.6,3,1,Excellent,Red,Private,0,6,67700
CR-70695,2026-06-10,Dammam,Chevrolet,Tahoe,2014,232328.0,Petrol,Automatic,5.3,2,0,Excellent,Silver,Private,0,0,65400
CR-70696,2026-05-03,Khobar,Chevrolet,Tahoe,2014,216942.0,Petrol,Automatic,6.2,1,0,Good,White,Dealer,1,0,84000
CR-70697,2026-06-07,Khobar,Mazda,CX-5,2022,73258.0,Petrol,Automatic,2.5,3,0,Good,Black,Private,1,24,75200
CR-70698,2026-05-18,Makkah,Toyota,Camry,2015,197654.0,Hybrid,Automatic,2.0,4,0,Excellent,Silver,Dealer,1,24,39200
CR-70699,2026-05-20,Dammam,Chevrolet,Malibu,2020,112781.0,Petrol,Automatic,1.5,1,1,Good,White,Dealer,1,0,36900
CR-70700,2026-07-03,Dammam,Hyundai,Sonata,2022,77592.0,Hybrid,Automatic,2.0,1,0,Good,Black,Dealer,0,0,70900
CR-70701,2026-05-05,Khobar,Hyundai,Sonata,2018,164181.0,Petrol,Automatic,2.0,1,0,Good,Black,Dealer,0,0,38100
CR-70702,2026-04-12,Madinah,Toyota,Hilux,2017,194179.0,Petrol,Automatic,2.4,1,1,Excellent,White,Private,0,24,36900
CR-70703,2026-07-10,Khobar,Nissan,Patrol,2013,263962.0,Petrol,Automatic,4.0,1,0,Excellent,Gray,Private,1,12,70900
CR-70704,2026-06-10,Dammam,BMW,5 Series,2012,,Petrol,Manual,2.0,3,0,Good,Silver,Dealer,1,0,49600
CR-70705,2026-05-19,Makkah,Toyota,Land Cruiser,2025,23115.0,Petrol,Automatic,4.0,2,0,Good,White,Private,1,0,311000
CR-70706,2026-07-11,Abha,Chevrolet,Tahoe,2017,169508.0,Hybrid,Automatic,6.2,2,0,Excellent,White,Private,0,6,108700
CR-70707,2026-05-14,Riyadh,Chevrolet,Malibu,2019,,Diesel,Automatic,2.0,1,0,Good,Blue,Private,0,0,34700
CR-70708,2026-05-19,Makkah,Hyundai,Tucson,2024,37368.0,Petrol,Automatic,2.0,1,0,Good,Black,Auction,1,6,87400
CR-70709,2026-07-04,Khobar,BMW,5 Series,2012,239131.0,Petrol,Automatic,2.0,1,0,Good,White,Dealer,1,24,63800
CR-70710,2026-04-17,Jeddah,Mercedes-Benz,E-Class,2025,22808.0,Petrol,Automatic,3.0,2,0,Good,Gray,Dealer,1,0,276700
CR-70711,2026-07-31,Khobar,Ford,Explorer,2025,35381.0,Petrol,Automatic,2.3,2,0,Fair,Blue,Dealer,1,0,149400
CR-70712,2026-06-06,Dammam,Hyundai,Tucson,2020,128183.0,Hybrid,Automatic,1.6,1,0,Good,White,Dealer,1,6,69600
CR-70713,2026-06-07,Riyadh,Toyota,Camry,2020,124856.0,Petrol,Automatic,2.0,2,0,Excellent,Silver,Private,1,0,65800
CR-70714,2026-07-20,Khobar,BMW,5 Series,2023,35469.0,Petrol,Manual,2.0,1,0,Good,Black,Dealer,0,0,197000
CR-70715,2026-04-27,Makkah,Hyundai,Sonata,2019,159359.0,Petrol,Automatic,2.5,1,0,Fair,White,Dealer,1,24,39100
CR-70716,2026-07-11,Khobar,Toyota,Corolla,2023,73252.0,Petrol,Automatic,1.8,2,0,Good,Black,Private,0,0,59000
CR-70717,2026-05-02,Dammam,Nissan,Altima,2024,33277.0,Petrol,Manual,2.0,1,0,Excellent,White,Auction,1,0,66700
CR-70718,2026-04-05,Dammam,Hyundai,Elantra,2012,247460.0,Petrol,Automatic,1.6,2,0,Fair,Gray,Dealer,1,0,18000
CR-70719,2026-05-16,Khobar,Toyota,Camry,2022,65018.0,Petrol,Automatic,2.5,2,0,Fair,White,Dealer,1,0,80400
CR-70720,2026-04-27,Abha,Hyundai,Elantra,2012,253017.0,Petrol,Automatic,2.0,1,0,Excellent,White,Dealer,1,0,18000
CR-70721,2026-07-29,Tabuk,Toyota,Hilux,2021,97455.0,Petrol,Automatic,2.4,3,0,Excellent,White,Dealer,0,0,79500
CR-70722,2026-07-04,Madinah,Mazda,CX-5,2017,172244.0,Petrol,Automatic,2.5,1,0,Fair,Brown,Dealer,1,0,39900
CR-70723,2026-06-30,Dammam,Hyundai,Tucson,2022,92942.0,Petrol,Automatic,1.6,2,1,Good,Silver,Dealer,1,0,60800
CR-70724,2026-07-25,Khobar,Nissan,Patrol,2017,160496.0,Petrol,Automatic,4.0,1,0,Good,Silver,Dealer,1,0,127500
CR-70725,2026-06-13,Makkah,Chevrolet,Tahoe,2016,195529.0,Petrol,Automatic,5.3,2,0,Excellent,Blue,Dealer,1,24,101700
CR-70726,2026-06-30,,Toyota,Land Cruiser,2012,276502.0,Petrol,Automatic,3.5,2,0,Good,Black,Dealer,0,0,71100
CR-70727,2026-07-31,Riyadh,Hyundai,Sonata,2016,,Diesel,Automatic,2.0,3,0,Good,White,Private,1,0,25600
CR-70728,2026-06-29,Jeddah,Hyundai,Sonata,2015,183291.0,Hybrid,Automatic,2.0,2,0,Good,Black,Private,1,24,29600
CR-70729,2026-06-24,Khobar,Chevrolet,Tahoe,2024,49312.0,Petrol,Automatic,5.3,2,0,Good,Gray,Auction,1,12,199800
CR-70730,2026-05-20,Dammam,Hyundai,Elantra,2013,248899.0,Petrol,Automatic,1.6,2,0,Good,Silver,Private,1,0,18000
CR-70731,2026-07-23,Madinah,Mazda,CX-5,2022,87349.0,Petrol,Automatic,2.0,1,0,Fair,Gray,Dealer,1,0,69700
CR-70732,2026-06-15,Makkah,Toyota,Camry,2019,133246.0,Hybrid,Automatic,2.0,1,0,Excellent,Blue,Dealer,0,24,69300
CR-70733,2026-07-18,Makkah,Ford,Explorer,2021,83467.0,Petrol,Automatic,3.0,2,0,Good,White,Private,1,12,117300
CR-70734,2026-04-21,Makkah,Honda,Accord,2021,65636.0,Petrol,Automatic,1.5,4,0,Good,Black,Private,1,0,63100
CR-70735,2026-07-22,Khobar,Toyota,Corolla,2016,188803.0,Petrol,Automatic,1.8,4,1,Fair,Blue,Dealer,0,24,18100
CR-70736,2026-06-25,Abha,Nissan,Patrol,2016,176699.0,Petrol,Automatic,4.0,2,0,Good,Gray,Private,1,6,96700
CR-70737,2026-07-09,Riyadh,Toyota,Land Cruiser,2024,34234.0,Diesel,Automatic,4.0,2,0,Excellent,White,Private,1,0,309100
CR-70738,2026-05-11,Dammam,Toyota,Land Cruiser,2023,52239.0,Petrol,Automatic,3.5,2,0,Good,White,Private,0,6,238700
CR-70739,2026-04-25,Dammam,Chevrolet,Malibu,2023,58820.0,Petrol,Manual,2.0,1,0,Excellent,White,Dealer,0,0,55600
CR-70740,2026-04-09,Abha,Toyota,Land Cruiser,2025,16032.0,Petrol,Automatic,4.0,3,0,Good,White,Private,1,0,297900
CR-70741,2026-07-12,,Toyota,Land Cruiser,2018,148101.0,Petrol,Automatic,4.0,1,0,Good,Silver,Dealer,1,12,168800
CR-70742,2026-04-09,Abha,Hyundai,Elantra,2018,164748.0,Petrol,Automatic,2.0,3,1,Fair,White,Dealer,0,6,19300
CR-70743,2026-07-24,Jeddah,Chevrolet,Malibu,2024,34000.0,Hybrid,Automatic,1.5,1,0,Good,Silver,Dealer,1,0,74800
CR-70744,2026-05-18,Jeddah,Nissan,Patrol,2019,157459.0,Petrol,Automatic,4.0,4,1,Fair,White,Private,1,12,84600
CR-70745,2026-05-13,Madinah,Nissan,Altima,2020,131064.0,Hybrid,Automatic,2.5,1,0,Fair,Black,Private,1,0,40100
CR-70746,2026-07-01,Tabuk,Kia,Sportage,2013,246061.0,Petrol,Automatic,1.6,1,0,Good,White,Private,0,0,19800
CR-70747,2026-04-05,Khobar,Toyota,Camry,2017,154023.0,Petrol,Automatic,2.0,1,0,Good,Black,Private,0,6,46200
CR-70748,2026-07-09,Abha,GMC,Yukon,2025,54895.0,Petrol,Automatic,6.2,1,0,Good,Silver,Dealer,1,0,268300
CR-70749,2026-05-07,Dammam,Hyundai,Sonata,2025,,Petrol,Automatic,2.5,1,0,Excellent,Silver,Dealer,1,6,99000
CR-70750,2026-04-07,Riyadh,Toyota,Camry,2023,58246.0,Petrol,Automatic,2.5,3,0,Excellent,White,Dealer,1,24,97000
CR-70751,2026-05-14,Madinah,Kia,Cerato,2020,120112.0,Petrol,Automatic,1.6,1,0,Excellent,White,Dealer,0,12,44300
CR-70752,2026-06-03,Madinah,Nissan,Patrol,2018,138558.0,Petrol,Automatic,4.0,2,0,Good,Red,Private,1,0,129500
CR-70753,2026-06-04,Dammam,Honda,Accord,2015,208164.0,Petrol,Automatic,2.0,3,0,Good,White,Dealer,0,0,30100
CR-70754,2026-05-18,Abha,Honda,Accord,2024,26211.0,Hybrid,Manual,1.5,2,0,Good,Gray,Dealer,1,24,96700
CR-70755,2026-05-02,Abha,Toyota,Camry,2016,190009.0,Petrol,Automatic,2.5,1,0,Fair,Black,Private,1,0,34200
CR-70756,2026-07-04,Jeddah,Honda,Accord,2020,123200.0,Petrol,Automatic,2.0,4,0,Good,Silver,Dealer,0,0,51900
CR-70757,2026-06-02,Jeddah,Toyota,Corolla,2014,229595.0,Petrol,Automatic,2.0,2,1,Good,White,Dealer,0,0,18000
CR-70758,2026-07-29,Madinah,BMW,5 Series,2022,87126.0,Petrol,Automatic,2.0,1,0,Good,White,Dealer,1,0,178700
CR-70759,2026-07-06,Khobar,Chevrolet,Malibu,2020,111105.0,Petrol,Automatic,2.0,3,1,Good,White,Private,1,0,32400
CR-70760,2026-05-22,Abha,Toyota,Corolla,2012,253446.0,Hybrid,Automatic,2.0,3,0,Excellent,Silver,Dealer,0,0,18000
CR-70761,2026-04-20,Khobar,Honda,Civic,2017,162271.0,Petrol,Automatic,1.5,3,0,Good,Gray,Dealer,1,6,28600
CR-70762,2026-04-12,Khobar,Mercedes-Benz,E-Class,2021,106664.0,Petrol,Automatic,2.0,2,0,Excellent,Blue,Private,1,6,169200
CR-70763,2026-07-25,Makkah,Nissan,Patrol,2019,105454.0,Petrol,Automatic,5.6,1,0,Good,White,Dealer,0,0,178600
CR-70764,2026-05-02,Khobar,GMC,Yukon,2013,241378.0,Petrol,Automatic,6.2,1,0,Good,White,Private,1,0,65700
CR-70765,2026-05-13,Jeddah,Chevrolet,Tahoe,2016,191151.0,Petrol,Automatic,6.2,2,0,Good,Black,Private,1,0,88900
CR-70766,2026-04-30,Abha,Kia,Cerato,2019,127096.0,Petrol,Automatic,1.6,3,0,Good,Silver,Private,1,0,31600
CR-70767,2026-04-21,Madinah,BMW,5 Series,2013,248051.0,Petrol,Automatic,3.0,2,0,Good,Black,Dealer,1,6,56100
CR-70768,2026-06-26,Makkah,Kia,Sportage,2016,188232.0,Hybrid,Automatic,2.0,1,0,Excellent,,Auction,1,0,36900
CR-70769,2026-07-09,Tabuk,Mazda,CX-5,2015,200424.0,Petrol,Manual,2.0,3,0,Good,Black,Dealer,0,6,28100
CR-70770,2026-07-15,Dammam,Nissan,Altima,2013,239738.0,Petrol,Automatic,2.0,1,0,Good,Gray,Dealer,0,0,20300
CR-70771,2026-07-26,Abha,Kia,Sportage,2018,157313.0,Petrol,Automatic,2.5,2,0,Fair,Black,Dealer,0,0,39500
CR-70772,2026-07-14,Madinah,Nissan,Altima,2019,136926.0,Hybrid,Automatic,2.0,2,0,Excellent,White,Dealer,1,12,44600
CR-70773,2026-06-27,Tabuk,Kia,Cerato,2013,243885.0,Petrol,Manual,1.6,1,0,Excellent,White,Dealer,1,6,18000
CR-70774,2026-05-05,Abha,Kia,Sportage,2018,147227.0,Hybrid,Automatic,2.5,2,0,Good,Silver,Dealer,0,12,45600
CR-70775,2026-07-08,Tabuk,Ford,Explorer,2016,189666.0,Petrol,Automatic,3.0,4,0,Good,Gray,Dealer,1,0,57800
CR-70776,2026-06-19,Tabuk,Kia,Cerato,2016,,Petrol,Automatic,2.0,1,0,Excellent,White,Dealer,0,6,28800
CR-70777,2026-05-26,Abha,Kia,Sportage,2014,230573.0,Petrol,Automatic,,2,0,Fair,White,Private,1,0,20600
CR-70778,2026-05-08,Jeddah,Honda,Civic,2024,43282.0,Petrol,Automatic,1.5,3,0,Good,White,Dealer,0,0,63700
CR-70779,2026-07-21,Dammam,Honda,Civic,2016,197463.0,Petrol,Automatic,1.5,2,1,Excellent,Blue,Auction,1,0,19500
CR-70780,2026-05-16,Madinah,Hyundai,Sonata,2025,10565.0,Hybrid,Automatic,2.5,3,1,Excellent,Black,Private,1,6,74500
CR-70781,2026-07-01,Khobar,Nissan,Patrol,2020,125157.0,Petrol,Automatic,4.0,1,0,Good,White,Dealer,1,6,176000
CR-70782,2026-04-04,Riyadh,Ford,Explorer,2013,237841.0,Petrol,Automatic,3.0,1,0,Good,White,Dealer,0,0,44500
CR-70783,2026-06-13,Tabuk,Toyota,Hilux,2022,77965.0,Petrol,Automatic,2.4,1,0,Excellent,Gray,Dealer,1,6,98500
CR-70784,2026-04-14,Khobar,Hyundai,Elantra,2018,132814.0,Petrol,Automatic,1.6,1,0,Excellent,White,Dealer,0,0,33500
CR-70785,2026-04-24,Madinah,Hyundai,Sonata,2012,263700.0,Petrol,Automatic,2.5,4,0,Good,Silver,Private,1,6,18000
CR-70786,2026-05-15,Abha,Hyundai,Elantra,2015,203264.0,Petrol,Automatic,2.0,1,1,Good,Blue,Private,1,0,18000
CR-70787,2026-06-26,Makkah,Toyota,Corolla,2013,242097.0,Petrol,Automatic,1.6,2,0,Good,Silver,Private,0,12,18000
CR-70788,2026-05-02,Jeddah,Chevrolet,Tahoe,2024,17332.0,Diesel,Automatic,5.3,1,0,Good,Red,Dealer,1,12,255000
CR-70789,2026-05-26,Tabuk,GMC,Yukon,2025,34358.0,Petrol,Automatic,5.3,1,0,Good,White,Dealer,0,6,280600
CR-70790,2026-07-05,Makkah,BMW,5 Series,2014,241311.0,Hybrid,Automatic,2.0,1,1,Excellent,Silver,Dealer,1,6,62200
CR-70791,2026-05-22,Khobar,Nissan,Patrol,2016,174392.0,Petrol,Automatic,5.6,1,0,Fair,Blue,Private,0,0,99700
CR-70792,2026-06-18,Khobar,Mercedes-Benz,E-Class,2015,211909.0,Petrol,Manual,3.0,2,1,Fair,White,Dealer,0,0,56000
CR-70793,2026-05-29,Jeddah,Toyota,Land Cruiser,2023,58948.0,Petrol,Automatic,3.5,2,1,Excellent,Black,Dealer,0,0,224800
CR-70794,2026-05-26,Madinah,Honda,Accord,2014,213264.0,Petrol,Manual,2.0,3,0,Good,White,Dealer,1,24,24100
CR-70795,2026-07-16,Makkah,Hyundai,Sonata,2016,169725.0,Petrol,Automatic,2.0,1,0,Good,Silver,Private,0,6,31500
CR-70796,2026-07-06,Riyadh,Toyota,Camry,2020,100233.0,Petrol,Automatic,2.0,1,0,Excellent,White,Private,1,0,80900
CR-70797,2026-06-24,Jeddah,BMW,5 Series,2022,42017.0,Petrol,Automatic,2.0,3,0,Good,Gray,Auction,1,0,172700
CR-70798,2026-06-11,Dammam,Hyundai,Tucson,2025,29823.0,Petrol,Automatic,2.0,3,0,Excellent,White,Dealer,1,0,101100
CR-70799,2026-06-22,Jeddah,Nissan,Altima,2020,124372.0,Petrol,Automatic,2.5,3,0,Fair,Black,Private,1,6,38200
CR-70800,2026-05-06,Riyadh,Toyota,Camry,2019,118175.0,Petrol,Automatic,2.0,2,0,Excellent,White,Dealer,1,24,72600
CR-70801,2026-06-23,Tabuk,Chevrolet,Malibu,2016,168001.0,Hybrid,Automatic,1.5,2,1,Good,Black,Dealer,1,0,24500
CR-70802,2026-07-15,Tabuk,BMW,5 Series,2017,192828.0,Petrol,Automatic,3.0,2,1,Good,Black,Dealer,0,0,73700
CR-70803,2026-07-01,Makkah,Honda,Accord,2024,50638.0,Hybrid,Manual,2.0,1,0,Excellent,White,Auction,1,6,89200
CR-70804,2026-07-14,Riyadh,Hyundai,Sonata,2021,81190.0,Petrol,Automatic,2.5,3,1,Good,Red,Private,0,24,43500
CR-70805,2026-06-21,Khobar,Kia,Cerato,2017,161432.0,Petrol,Automatic,1.6,2,0,Fair,Gray,Dealer,1,0,26800
CR-70806,2026-04-23,Madinah,Hyundai,Sonata,2022,80591.0,Petrol,Automatic,2.0,2,0,Good,Silver,Dealer,1,6,58100
CR-70807,2026-07-08,Dammam,Toyota,Hilux,2022,63116.0,Petrol,Automatic,2.8,2,0,Excellent,White,Dealer,1,12,98100
CR-70808,2026-04-23,Jeddah,Toyota,Land Cruiser,2024,28890.0,Petrol,Manual,4.0,2,0,Fair,,Dealer,1,0,243500
CR-70809,2026-07-06,Madinah,Kia,Sportage,2013,237906.0,Hybrid,Automatic,,2,0,Excellent,Gray,Auction,1,6,23700
CR-70810,2026-07-07,Khobar,Kia,Cerato,2016,192960.0,Hybrid,Automatic,1.6,1,0,Fair,White,Dealer,1,12,25700
CR-70811,2026-06-07,Abha,Honda,Civic,2018,125279.0,Petrol,Automatic,2.0,3,0,Excellent,Blue,Dealer,0,0,36800
CR-70812,2026-04-20,Khobar,BMW,5 Series,2013,241249.0,Petrol,Automatic,3.0,1,0,Good,White,Private,0,6,56300
CR-70813,2026-06-10,Madinah,Mazda,CX-5,2013,268249.0,Petrol,Automatic,2.5,1,0,Excellent,Gray,Private,0,0,23300
CR-70814,2026-07-26,Riyadh,Honda,Accord,2018,152977.0,Petrol,Automatic,1.5,3,0,Good,Black,Dealer,0,12,42300
CR-70815,2026-05-02,Makkah,Ford,Explorer,2019,118654.0,Petrol,Automatic,3.0,3,0,Good,Silver,Private,0,0,81400
CR-70816,2026-05-31,Abha,Mazda,CX-5,2015,198045.0,Petrol,Automatic,2.5,1,0,Excellent,Black,Dealer,1,12,38700
CR-70817,2026-05-05,Makkah,Toyota,Corolla,2024,46532.0,Hybrid,Automatic,2.0,1,1,Excellent,Black,Dealer,1,24,72900
CR-70818,2026-05-16,Khobar,Kia,Sportage,2024,37187.0,Petrol,Automatic,1.6,2,0,Excellent,White,Private,1,0,93300
CR-70819,2026-04-04,Tabuk,Nissan,Patrol,2012,247831.0,Diesel,Automatic,4.0,1,0,Excellent,Black,Private,1,24,58200
CR-70820,2026-07-09,Khobar,Toyota,Corolla,2024,59163.0,Hybrid,Automatic,1.6,2,0,Good,Black,Dealer,1,12,75300
CR-70821,2026-05-29,Riyadh,Hyundai,Sonata,2013,252589.0,Petrol,Automatic,2.5,2,0,Excellent,Black,Dealer,0,12,21800
CR-70822,2026-04-05,Jeddah,Honda,Civic,2015,206535.0,Petrol,Manual,1.5,1,0,Good,Red,Private,1,0,21200
CR-70823,2026-04-11,Tabuk,Nissan,Patrol,2012,249219.0,Petrol,Automatic,,3,0,Good,Silver,Dealer,1,0,60400
CR-70824,2026-06-08,Khobar,Toyota,Corolla,2017,173050.0,Petrol,Automatic,1.6,2,0,Excellent,White,Private,1,12,33300
CR-70825,2026-04-08,Tabuk,Nissan,Altima,2014,215258.0,Petrol,Automatic,2.5,2,0,Fair,Red,Private,1,0,18000
CR-70826,2026-07-23,Madinah,Chevrolet,Tahoe,2022,81312.0,Petrol,Automatic,6.2,1,0,Good,White,Private,1,0,196500
CR-70827,2026-06-10,Tabuk,Hyundai,Sonata,2017,174684.0,Petrol,Automatic,2.0,1,0,Good,Black,Private,0,0,32100
CR-70828,2026-06-20,Dammam,Toyota,Camry,2014,223318.0,Petrol,Automatic,2.0,1,0,Good,White,Dealer,1,6,33400
CR-70829,2026-06-29,Makkah,Chevrolet,Tahoe,2013,232676.0,Petrol,Automatic,5.3,4,0,Excellent,Red,Dealer,1,0,59500
CR-70830,2026-07-06,Madinah,Chevrolet,Malibu,2020,,Petrol,Automatic,1.5,1,0,Fair,Black,Dealer,1,0,39200
CR-70831,2026-05-20,Jeddah,BMW,5 Series,2018,150242.0,Petrol,Automatic,3.0,3,1,Excellent,Brown,Dealer,0,0,98100
CR-70832,2026-07-18,Dammam,Honda,Accord,2014,205981.0,Hybrid,Automatic,2.0,1,1,Excellent,White,Dealer,1,6,30000
CR-70833,2026-05-21,Dammam,Mazda,CX-5,2019,116361.0,Hybrid,Automatic,2.0,1,0,Excellent,Red,Dealer,1,24,69200
CR-70834,2026-05-13,Riyadh,Chevrolet,Malibu,2018,143743.0,Petrol,Automatic,1.5,2,0,Good,Gray,Dealer,1,24,34300
CR-70835,2026-05-05,Tabuk,Toyota,Land Cruiser,2013,250323.0,Petrol,Automatic,3.5,1,0,Fair,White,Private,0,6,60500
CR-70836,2026-05-22,Makkah,Kia,Sportage,2020,128860.0,Petrol,Automatic,1.6,1,1,Good,Black,Dealer,1,6,44800
CR-70837,2026-05-13,Tabuk,Nissan,Altima,2020,98413.0,Petrol,Automatic,2.0,3,1,Excellent,Blue,Private,1,12,34700
CR-70838,2026-05-21,,BMW,5 Series,2020,132666.0,Petrol,Automatic,2.0,1,0,Excellent,Black,Private,0,6,137800
CR-70839,2026-04-13,Tabuk,Nissan,Altima,2017,186425.0,Petrol,Automatic,2.5,1,0,Fair,White,Auction,1,0,22700
CR-70840,2026-05-13,Madinah,Chevrolet,Tahoe,2020,118359.0,Petrol,Automatic,5.3,3,0,Excellent,White,Auction,1,12,125300
CR-70841,2026-06-30,Madinah,Toyota,Hilux,2014,227761.0,Petrol,Automatic,2.8,1,0,Excellent,White,Dealer,1,6,35500
CR-70842,2026-07-20,Tabuk,Hyundai,Elantra,2023,63951.0,Petrol,Automatic,1.6,2,0,Fair,Gray,Private,1,6,45000
CR-70843,2026-06-07,Abha,Toyota,Camry,2025,26848.0,Petrol,Automatic,2.0,1,0,Excellent,Gray,Auction,1,0,110900
CR-70844,2026-06-19,Riyadh,Nissan,Patrol,2020,122811.0,Petrol,Automatic,5.6,1,0,Good,Silver,Dealer,0,0,170900
CR-70845,2026-04-25,Madinah,Hyundai,Sonata,2014,231157.0,Petrol,Automatic,2.0,2,0,Good,Black,Dealer,1,0,22400
CR-70846,2026-04-16,Makkah,Chevrolet,Malibu,2023,59886.0,Petrol,Automatic,1.5,1,0,Excellent,White,Auction,1,12,56600
CR-70847,2026-06-12,Khobar,Hyundai,Tucson,2024,44444.0,Petrol,Automatic,1.6,1,0,Good,White,Private,1,12,99500
CR-70848,2026-05-05,Makkah,GMC,Yukon,2021,,Petrol,Automatic,6.2,1,0,Excellent,Black,Private,1,6,188100
CR-70849,2026-04-23,Makkah,Honda,Civic,2019,125717.0,Petrol,Automatic,1.5,2,0,Excellent,White,Private,0,0,35200
CR-70850,2026-04-19,Dammam,Ford,Explorer,2016,182997.0,Petrol,Automatic,2.3,2,0,Excellent,White,Private,1,24,62400
CR-70851,2026-05-24,Dammam,Toyota,Corolla,2019,128495.0,Petrol,Manual,2.0,1,0,Fair,White,Dealer,0,0,33600
CR-70852,2026-04-26,Madinah,Honda,Civic,2018,158859.0,Petrol,Automatic,2.0,4,0,Excellent,White,Private,1,6,30000
CR-70853,2026-07-27,Abha,Toyota,Land Cruiser,2013,247437.0,Petrol,Manual,3.5,1,0,Excellent,Blue,Dealer,1,0,74500
CR-70854,2026-04-16,Makkah,Kia,Cerato,2019,151970.0,Petrol,Automatic,2.0,3,0,Excellent,White,Private,0,12,31600
CR-70855,2026-07-21,Riyadh,Hyundai,Sonata,2017,152303.0,Petrol,Automatic,2.0,1,0,Excellent,White,Private,1,0,38800
CR-70856,2026-06-02,Khobar,Hyundai,Elantra,2012,274830.0,Petrol,Automatic,1.6,1,0,Excellent,Black,Private,1,0,18000
CR-70857,2026-05-27,Jeddah,Chevrolet,Malibu,2013,227626.0,Petrol,Automatic,2.0,4,0,Excellent,,Private,0,0,18000
CR-70858,2026-07-16,Madinah,Kia,Sportage,2012,256884.0,Petrol,Automatic,2.5,1,0,Good,Blue,Auction,0,6,19800
CR-70859,2026-04-30,Khobar,Mercedes-Benz,E-Class,2017,179023.0,Petrol,Automatic,2.0,3,1,Fair,White,Private,1,24,68900
CR-70860,2026-07-15,Tabuk,Toyota,Land Cruiser,2018,159173.0,Diesel,Automatic,3.5,3,0,Good,White,Dealer,0,12,131500
CR-70861,2026-05-28,Makkah,Toyota,Camry,2017,150753.0,Petrol,Automatic,2.5,1,0,Good,Gray,Private,0,0,51700
CR-70862,2026-06-10,Madinah,Kia,Sportage,2018,154566.0,Hybrid,Automatic,2.5,1,0,Good,Gray,Private,1,12,48900
CR-70863,2026-06-08,Makkah,Kia,Sportage,2023,41019.0,Petrol,Automatic,1.6,4,1,Fair,White,Dealer,1,0,57000
CR-70864,2026-04-18,Riyadh,Ford,Explorer,2013,253089.0,Petrol,Automatic,3.0,3,0,Good,Black,Private,1,0,37900
CR-70865,2026-06-17,Jeddah,Hyundai,Elantra,2012,239416.0,Petrol,Automatic,1.6,2,1,Excellent,Black,Private,1,6,18000
CR-70866,2026-05-14,Makkah,Kia,Cerato,2014,216924.0,Petrol,Automatic,1.6,1,0,Excellent,White,Dealer,1,0,22500
CR-70867,2026-05-02,Abha,Chevrolet,Malibu,2017,171466.0,Petrol,Automatic,1.5,1,0,Good,White,Dealer,1,0,28100
CR-70868,2026-04-09,Tabuk,Honda,Accord,2024,48506.0,Petrol,Automatic,1.5,1,0,Good,Silver,Dealer,1,24,99700
CR-70869,2026-06-27,Abha,Nissan,Patrol,2013,246794.0,Petrol,Automatic,5.6,2,0,Excellent,Brown,Dealer,0,12,65500
CR-70870,2026-04-13,Khobar,Ford,Explorer,2024,43142.0,Petrol,Automatic,3.0,2,1,Fair,Black,Dealer,0,0,119500
CR-70871,2026-05-13,Jeddah,Hyundai,Elantra,2017,181884.0,Petrol,Automatic,,1,0,Fair,,Private,1,0,22000
CR-70872,2026-06-16,Riyadh,Chevrolet,Tahoe,2023,48788.0,Petrol,Automatic,5.3,3,1,Good,Gray,Private,1,24,169500
CR-70873,2026-07-14,Abha,Mazda,CX-5,2016,195593.0,Petrol,Automatic,2.5,2,0,Excellent,Blue,Dealer,1,0,36100
CR-70874,2026-06-16,Jeddah,Honda,Civic,2016,180103.0,Hybrid,Automatic,2.0,4,0,Good,White,Dealer,0,0,25500
CR-70875,2026-04-29,Makkah,Chevrolet,Tahoe,2025,46300.0,Petrol,Automatic,6.2,1,0,Good,Black,Private,1,0,238100
CR-70876,2026-07-05,Tabuk,GMC,Yukon,2025,46658.0,Petrol,Manual,6.2,2,0,Excellent,Blue,Dealer,0,0,239900
CR-70877,2026-05-07,Abha,Nissan,Altima,2019,136520.0,Petrol,Automatic,2.0,1,0,Excellent,Black,Dealer,0,6,44800
CR-70878,2026-06-09,Dammam,Kia,Sportage,2022,100443.0,Petrol,Automatic,1.6,1,0,Fair,White,Dealer,1,6,59800
CR-70879,2026-04-12,Makkah,Mazda,CX-5,2025,20591.0,Petrol,Automatic,2.0,3,0,Good,Black,Dealer,1,0,98100
CR-70880,2026-06-17,Tabuk,Mercedes-Benz,E-Class,2022,80358.0,Petrol,Automatic,3.0,1,0,Fair,White,Dealer,1,12,185800
CR-70881,2026-05-10,Abha,Honda,Accord,2025,20011.0,Petrol,Automatic,1.5,1,0,Excellent,,Dealer,1,12,108800
CR-70882,2026-07-30,Khobar,Mercedes-Benz,E-Class,2017,180567.0,Petrol,Automatic,2.0,2,0,Excellent,Silver,Private,1,0,108400
CR-70883,2026-07-02,Dammam,Toyota,Camry,2022,68288.0,Petrol,Automatic,2.5,1,0,Excellent,Red,Auction,1,0,86100
CR-70884,2026-06-06,Riyadh,Hyundai,Sonata,2014,226360.0,Hybrid,Automatic,2.5,1,0,Excellent,Blue,Dealer,1,24,28200
CR-70885,2026-05-10,Dammam,Toyota,Corolla,2018,137219.0,Petrol,Manual,1.8,2,0,Good,White,Dealer,1,12,36800
CR-70886,2026-04-09,Jeddah,Honda,Accord,2019,141059.0,Diesel,Automatic,2.0,2,0,Excellent,Black,Dealer,1,12,54900
CR-70887,2026-06-10,Madinah,Chevrolet,Tahoe,2022,106707.0,Petrol,Automatic,6.2,4,0,Good,Black,Dealer,1,0,161700
CR-70888,2026-04-23,Jeddah,Chevrolet,Malibu,2020,100655.0,Petrol,Automatic,2.0,4,0,Fair,Black,Dealer,1,0,34800
CR-70889,2026-05-24,Madinah,Nissan,Patrol,2023,72900.0,Petrol,Manual,5.6,1,1,Good,White,Dealer,1,0,178300
CR-70890,2026-04-13,Khobar,Ford,Explorer,2018,171963.0,Petrol,Manual,2.3,1,0,Excellent,Red,Dealer,1,0,78700
CR-70891,2026-05-11,,Nissan,Patrol,2012,267689.0,Petrol,Manual,5.6,2,0,Good,Black,Dealer,0,12,56200
CR-70892,2026-07-24,Jeddah,Ford,Explorer,2022,77882.0,Petrol,Automatic,2.3,1,0,Good,Black,Dealer,1,0,145200
CR-70893,2026-07-12,Madinah,GMC,Yukon,2024,49394.0,Petrol,Automatic,6.2,2,0,Good,Silver,Dealer,1,24,258200
CR-70894,2026-06-29,Abha,Mercedes-Benz,E-Class,2023,41596.0,Petrol,Automatic,3.0,1,0,Good,White,Dealer,0,6,237700
CR-70895,2026-04-24,Dammam,BMW,5 Series,2017,152401.0,Petrol,Automatic,2.0,2,0,Good,Gray,Dealer,1,0,111600
CR-70896,2026-05-01,Abha,Kia,Sportage,2019,126838.0,Petrol,Automatic,2.0,4,1,Fair,White,Private,1,12,30900
CR-70897,2026-06-08,Jeddah,Hyundai,Sonata,2016,190124.0,Petrol,Automatic,2.0,3,0,Excellent,Black,Private,1,24,29300
CR-70898,2026-05-14,Abha,Honda,Civic,2017,164888.0,Petrol,Manual,2.0,3,0,Good,White,Private,1,0,23700
CR-70899,2026-07-01,Tabuk,Hyundai,Tucson,2023,56524.0,Petrol,Automatic,1.6,2,0,Excellent,Gray,Auction,0,0,75100
CR-70900,2026-05-27,Tabuk,Mazda,CX-5,2023,57223.0,Hybrid,Automatic,2.5,2,0,Good,Silver,Private,1,0,81400
CR-70901,2026-04-17,Riyadh,Hyundai,Elantra,2020,109520.0,Petrol,Automatic,1.6,2,0,Fair,White,Private,1,24,34700
CR-70902,2026-07-30,Riyadh,Toyota,Camry,2012,241456.0,Hybrid,Automatic,2.5,2,0,Good,White,Private,1,0,25600
CR-70903,2026-07-23,Makkah,Toyota,Camry,2015,198811.0,Petrol,Automatic,2.5,1,0,Excellent,Gray,Private,1,0,39100
CR-70904,2026-07-12,Tabuk,Nissan,Patrol,2020,120782.0,Petrol,Automatic,5.6,1,0,Good,Black,Private,1,12,154700
CR-70905,2026-05-27,Jeddah,Toyota,Corolla,2016,180949.0,Petrol,Automatic,1.8,2,0,Excellent,White,Private,1,6,29700
CR-70906,2026-07-11,Jeddah,Hyundai,Tucson,2016,181901.0,Petrol,Automatic,1.6,2,0,Good,White,Dealer,1,12,39600
CR-70907,2026-07-31,Madinah,Hyundai,Elantra,2012,255886.0,Petrol,Automatic,,1,0,Fair,Red,Auction,1,0,18000
CR-70908,2026-04-14,Jeddah,Nissan,Patrol,2018,138561.0,Petrol,Automatic,4.0,2,0,Good,White,Auction,1,12,125900
CR-70909,2026-07-30,Tabuk,Mazda,CX-5,2023,64410.0,Petrol,Automatic,2.5,2,1,Excellent,White,Private,1,0,69800
CR-70910,2026-07-25,Riyadh,Toyota,Corolla,2021,121523.0,Petrol,Manual,1.6,3,0,Excellent,White,Dealer,1,0,44900
CR-70911,2026-05-05,Madinah,Hyundai,Tucson,2013,261614.0,Petrol,Manual,1.6,3,0,Good,Blue,Dealer,0,0,19400
CR-70912,2026-06-28,Makkah,Toyota,Corolla,2019,132979.0,Petrol,Automatic,1.6,1,0,Good,White,Dealer,0,0,43300
CR-70913,2026-05-05,Jeddah,Mercedes-Benz,E-Class,2014,229421.0,Petrol,Manual,3.0,2,0,Excellent,Silver,Private,1,12,63100
CR-70914,2026-04-23,Jeddah,Mazda,CX-5,2014,220382.0,Petrol,Automatic,2.0,3,0,Fair,Brown,Dealer,1,0,25600
CR-70915,2026-07-21,Dammam,Mercedes-Benz,E-Class,2021,80356.0,Hybrid,Automatic,2.0,2,0,Good,Brown,Dealer,0,0,179300
CR-70916,2026-05-23,Tabuk,BMW,5 Series,2023,60323.0,Petrol,Automatic,2.0,2,1,Good,Black,Private,0,12,145500
CR-70917,2026-06-20,Makkah,Honda,Accord,2023,58642.0,Hybrid,Automatic,1.5,3,0,Good,,Dealer,1,12,86900
CR-70918,2026-06-30,Dammam,Toyota,Land Cruiser,2012,267979.0,Petrol,Automatic,3.5,3,0,Excellent,White,Private,0,0,62300
CR-70919,2026-05-06,Madinah,Nissan,Altima,2025,26604.0,Petrol,Manual,2.5,1,1,Good,,Auction,1,12,53300
CR-70920,2026-07-08,Jeddah,Toyota,Hilux,2025,21336.0,Petrol,Automatic,2.4,3,0,Good,White,Dealer,1,0,127800
CR-70921,2026-07-29,Abha,Hyundai,Sonata,2017,185372.0,Petrol,Automatic,2.5,1,0,Excellent,White,Dealer,1,0,34500
CR-70922,2026-06-06,Dammam,Toyota,Hilux,2015,201396.0,Petrol,Automatic,2.4,1,0,Good,Silver,Dealer,0,12,41200
CR-70923,2026-06-01,Dammam,Hyundai,Elantra,2021,91949.0,Hybrid,Automatic,2.0,1,0,Good,Black,Dealer,1,12,48500
CR-70924,2026-05-28,Dammam,Chevrolet,Malibu,2014,222534.0,Petrol,Automatic,2.0,1,1,Excellent,White,Dealer,0,0,18000
CR-70925,2026-04-10,Madinah,BMW,5 Series,2017,176948.0,Petrol,Automatic,3.0,3,1,Fair,Gray,Dealer,0,6,64200
CR-70926,2026-06-18,Makkah,Kia,Sportage,2013,224585.0,Petrol,Automatic,2.0,3,0,Good,Silver,Dealer,1,0,23500
CR-70927,2026-06-01,Makkah,Mercedes-Benz,E-Class,2020,117953.0,Petrol,Automatic,3.0,2,0,Good,Gray,Private,1,0,144300
CR-70928,2026-07-27,Makkah,GMC,Yukon,2022,84449.0,Diesel,Automatic,5.3,3,0,Excellent,Blue,Dealer,0,0,197100
CR-70929,2026-06-12,Abha,Toyota,Hilux,2024,54785.0,Petrol,Automatic,2.8,1,1,Excellent,Silver,Private,1,12,93500
CR-70930,2026-05-10,Madinah,Chevrolet,Tahoe,2024,32911.0,Petrol,Automatic,6.2,1,0,Good,Black,Private,0,0,222800
CR-70931,2026-07-29,Madinah,Hyundai,Elantra,2024,56856.0,Petrol,Automatic,2.0,1,1,Excellent,Red,Private,0,0,47900
CR-70932,2026-04-19,Madinah,Hyundai,Sonata,2021,81158.0,Hybrid,Automatic,2.0,3,0,Good,White,Private,0,0,53800
CR-70933,2026-04-27,Tabuk,Hyundai,Elantra,2015,207159.0,Petrol,Automatic,1.6,1,0,Good,Black,Dealer,1,24,22000
CR-70934,2026-06-10,Tabuk,Chevrolet,Tahoe,2021,106583.0,Hybrid,Automatic,6.2,1,0,Excellent,White,Private,1,12,183700
CR-70935,2026-07-19,Madinah,Toyota,Land Cruiser,2018,162876.0,Petrol,Automatic,4.0,1,1,Fair,Blue,Private,1,6,101700
CR-70936,2026-07-12,Madinah,Mazda,CX-5,2014,209607.0,Petrol,Automatic,2.5,3,0,Good,Silver,Private,1,0,27200
CR-70937,2026-05-15,Abha,Honda,Civic,2013,235164.0,Petrol,Automatic,2.0,1,0,Fair,Gray,Dealer,1,0,18000
CR-70938,2026-08-01,Tabuk,Toyota,Land Cruiser,2022,73758.0,Petrol,Automatic,4.0,2,0,Excellent,Blue,Private,0,0,223400
CR-70939,2026-07-19,Riyadh,Mazda,CX-5,2023,47027.0,Petrol,Manual,2.5,3,0,Good,White,Private,1,0,79300
CR-70940,2026-05-28,Abha,Ford,Explorer,2014,225596.0,Petrol,Automatic,2.3,2,0,Good,Blue,Dealer,0,0,46900
CR-70941,2026-06-15,Dammam,Hyundai,Tucson,2018,144676.0,Hybrid,Automatic,2.0,2,1,Good,Blue,Dealer,0,12,43600
CR-70942,2026-07-13,Makkah,Mercedes-Benz,E-Class,2018,,Petrol,Automatic,2.0,3,0,Good,White,Dealer,1,0,111300
CR-70943,2026-07-29,Makkah,Nissan,Altima,2020,127343.0,Petrol,Automatic,2.5,4,0,Excellent,White,Dealer,1,0,45200
CR-70944,2026-05-27,Makkah,Hyundai,Sonata,2023,64466.0,Petrol,Automatic,2.5,3,0,Good,White,Private,1,6,61400
CR-70945,2026-07-03,Dammam,Chevrolet,Malibu,2018,152262.0,Petrol,Manual,2.0,1,0,Good,Gray,Private,1,0,29000
CR-70946,2026-07-04,Riyadh,Chevrolet,Malibu,2014,219579.0,Petrol,Manual,2.0,2,0,Good,White,Dealer,1,0,18300
CR-70947,2026-04-23,Khobar,Honda,Accord,2020,107566.0,Petrol,Automatic,2.0,1,0,Good,Black,Dealer,1,0,61600
CR-70948,2026-05-04,Tabuk,Chevrolet,Malibu,2012,259533.0,Petrol,Automatic,1.5,3,0,Excellent,Blue,Private,0,24,18000
CR-70949,2026-07-17,Dammam,Toyota,Camry,2019,128269.0,Petrol,Automatic,2.0,2,0,Excellent,Red,Private,1,0,60100
CR-70950,2026-05-01,Madinah,Mazda,CX-5,2019,136755.0,Petrol,Automatic,2.0,1,0,Good,Silver,Auction,1,24,49400
CR-70951,2026-04-24,Makkah,Ford,Explorer,2015,191311.0,Petrol,Automatic,2.3,2,0,Excellent,White,Dealer,1,12,61700
CR-70952,2026-04-23,Makkah,Nissan,Patrol,2014,203865.0,Petrol,Automatic,4.0,3,1,Fair,,Private,1,6,54800
CR-70953,2026-07-25,,BMW,5 Series,2015,178438.0,Petrol,Automatic,2.0,1,0,Excellent,White,Private,1,6,93200
CR-70954,2026-07-30,Jeddah,Mazda,CX-5,2024,,Hybrid,Manual,2.5,1,0,Good,Black,Dealer,1,0,112100
CR-70955,2026-06-04,Dammam,Hyundai,Tucson,2024,54208.0,Petrol,Automatic,1.6,2,0,Good,White,Dealer,1,0,88900
CR-70956,2026-07-19,Abha,Chevrolet,Malibu,2020,119190.0,Petrol,Automatic,2.0,2,0,Good,White,Private,1,0,39500
CR-70957,2026-06-23,Dammam,Kia,Cerato,2025,10315.0,Petrol,Automatic,1.6,2,0,Excellent,Black,Private,1,6,69000
CR-70958,2026-07-23,Dammam,Nissan,Patrol,2025,28153.0,Petrol,Automatic,4.0,3,0,Excellent,White,Auction,0,12,241000
CR-70959,2026-05-09,Jeddah,Chevrolet,Tahoe,2022,97608.0,Petrol,Automatic,6.2,2,1,Excellent,White,Auction,1,12,137900
CR-70960,2026-06-13,Madinah,Chevrolet,Tahoe,2023,44621.0,Petrol,Automatic,6.2,3,1,Good,White,Private,1,24,166000
CR-70961,2026-07-27,Dammam,Kia,Cerato,2017,177313.0,Petrol,Automatic,2.0,1,0,Good,Silver,Dealer,1,6,30600
CR-70962,2026-07-08,,Kia,Sportage,2014,202391.0,Petrol,Manual,2.5,1,0,Good,Silver,Private,1,0,28000
CR-70963,2026-04-25,Makkah,Toyota,Hilux,2013,247143.0,Petrol,Automatic,2.4,2,0,Good,White,Private,0,0,27100
CR-70964,2026-05-05,Riyadh,Nissan,Patrol,2022,68044.0,Petrol,Automatic,4.0,3,0,Excellent,White,Auction,0,0,197600
CR-70965,2026-05-02,Tabuk,GMC,Yukon,2018,138002.0,Petrol,Automatic,6.2,1,0,Fair,White,Private,1,12,118300
CR-70966,2026-04-26,Khobar,BMW,5 Series,2021,113370.0,Hybrid,Automatic,3.0,4,0,Good,Black,Auction,0,12,133600
CR-70967,2026-05-07,Tabuk,Ford,Explorer,2020,97156.0,Petrol,Automatic,3.0,1,1,Good,White,Dealer,1,0,89400
CR-70968,2026-07-17,Abha,Honda,Accord,2024,48825.0,Hybrid,Automatic,1.5,1,0,Good,White,Dealer,1,12,96000
CR-70969,2026-06-01,Khobar,Toyota,Corolla,2022,98606.0,Petrol,Automatic,1.6,3,0,Good,Silver,Dealer,1,24,53900
CR-70970,2026-07-29,Madinah,Ford,Explorer,2015,208103.0,Petrol,Automatic,2.3,2,0,Excellent,Silver,Dealer,1,0,60000
CR-70971,2026-07-21,Riyadh,Chevrolet,Malibu,2022,99427.0,Petrol,Automatic,1.5,2,0,Excellent,Red,Auction,1,6,47400
CR-70972,2026-07-27,Makkah,Hyundai,Sonata,2023,74765.0,Petrol,Automatic,2.0,1,0,Excellent,White,Dealer,0,24,72900
CR-70973,2026-06-03,Makkah,Mazda,CX-5,2024,42062.0,Hybrid,Automatic,2.0,1,1,Fair,Brown,Dealer,1,24,82000
CR-70974,2026-07-04,Tabuk,Mercedes-Benz,E-Class,2021,121241.0,Hybrid,Automatic,3.0,2,0,Fair,White,Dealer,1,0,149800
CR-70975,2026-04-28,Jeddah,Ford,Explorer,2012,271441.0,Petrol,Automatic,3.0,2,1,Good,White,Auction,0,0,27700
CR-70976,2026-07-19,Riyadh,Ford,Explorer,2020,116188.0,Petrol,Automatic,2.3,2,0,Good,White,Private,1,24,101300
CR-70977,2026-06-09,Riyadh,Hyundai,Sonata,2023,59638.0,Petrol,Automatic,2.0,4,0,Good,White,Dealer,1,6,66100
CR-70978,2026-07-20,Madinah,Kia,Cerato,2022,100402.0,Petrol,Automatic,2.0,1,0,Good,White,Private,1,0,47900
CR-70979,2026-05-30,Makkah,GMC,Yukon,2015,198289.0,Petrol,Automatic,6.2,3,0,Good,Red,Dealer,0,24,82000
CR-70980,2026-07-08,Jeddah,Hyundai,Sonata,2023,68569.0,Petrol,Automatic,2.5,1,0,Good,White,Private,0,0,67100
CR-70981,2026-06-16,Riyadh,Chevrolet,Tahoe,2025,13067.0,Petrol,Automatic,5.3,2,0,Excellent,White,Private,0,6,264900
CR-70982,2026-05-26,Tabuk,Honda,Civic,2022,67813.0,Hybrid,Manual,2.0,1,0,Good,Silver,Dealer,1,0,54800
CR-70983,2026-06-11,Madinah,Toyota,Land Cruiser,2024,52031.0,Petrol,Automatic,3.5,1,0,Good,Silver,Private,1,0,269800
CR-70984,2026-04-09,Madinah,Kia,Sportage,2024,41134.0,Petrol,Automatic,1.6,1,1,Good,White,Dealer,1,0,75000
CR-70985,2026-07-11,Tabuk,Hyundai,Tucson,2022,71159.0,Hybrid,Automatic,2.5,1,0,Good,,Private,1,0,81200
CR-70986,2026-06-09,Dammam,Honda,Civic,2023,66144.0,Hybrid,Automatic,2.0,1,0,Good,Black,Dealer,0,0,63400
CR-70987,2026-04-28,Jeddah,BMW,5 Series,2014,232939.0,Petrol,Automatic,,2,0,Good,Black,Dealer,0,6,64300
CR-70988,2026-07-29,Makkah,Honda,Accord,2013,217664.0,Petrol,Automatic,2.0,2,0,Good,Gray,Private,1,24,26100
CR-70989,2026-04-13,Jeddah,GMC,Yukon,2025,26819.0,Hybrid,Automatic,6.2,1,0,Excellent,White,Dealer,1,12,337500
CR-70990,2026-06-18,Jeddah,Nissan,Altima,2012,254191.0,Petrol,Automatic,2.0,1,0,Good,White,Dealer,1,12,19500
CR-70991,2026-05-27,Tabuk,Mercedes-Benz,E-Class,2015,201859.0,Petrol,Automatic,2.0,1,0,Fair,Silver,Private,1,6,69800
CR-70992,2026-05-17,Makkah,Nissan,Altima,2021,85185.0,Petrol,Automatic,2.5,1,0,Good,Silver,Private,1,0,52500
CR-70993,2026-04-21,,Hyundai,Elantra,2014,243122.0,Petrol,Automatic,1.6,2,0,Good,Gray,Dealer,1,0,18000
CR-70994,2026-06-03,Abha,Hyundai,Tucson,2014,238230.0,Petrol,Automatic,1.6,3,0,Good,Black,Dealer,1,0,23200
CR-70995,2026-06-22,Dammam,Toyota,Camry,2018,154832.0,Petrol,Manual,2.5,2,0,Good,White,Private,0,0,43600
CR-70996,2026-06-01,Madinah,Toyota,Camry,2024,60196.0,Petrol,Automatic,2.0,3,0,Good,Black,Private,1,0,94300
CR-70997,2026-04-11,Khobar,Hyundai,Tucson,2024,46703.0,Hybrid,Automatic,2.0,2,0,Excellent,White,Dealer,0,24,101700
CR-70998,2026-07-14,Jeddah,Nissan,Patrol,2020,109594.0,Petrol,Automatic,4.0,2,0,Excellent,Black,Dealer,1,12,189800
CR-70999,2026-05-13,Makkah,Nissan,Altima,2018,174578.0,Hybrid,Manual,2.5,2,0,Good,White,Private,1,0,30900
